Name,Value.videoId,Value.author,text
1,hZg4-AtRVHQ,Swagymicswagger,"<a href=""https://www.youtube.com/watch?v=hZg4-AtRVHQ&amp;t=0m14s"">0:14</a> LOL"
2,hZg4-AtRVHQ,ISK2NDER,We love ANIME!!!
3,hZg4-AtRVHQ,kechupmanofficial,"i dont care if you watch anime, just dont watch caillou"
4,hZg4-AtRVHQ,Ninjakimm,One of rare underated PewDiePie animations .
5,hZg4-AtRVHQ,Joshua RomanCe,&quot;Everything by Jae55555&quot; <br><br>He did pretty well acting out the voices
6,hZg4-AtRVHQ,RAMESH SINGH CHAUTALA,i am a pretty shy guy loll
7,hZg4-AtRVHQ,Dark Crow,Who else is here is 2020 and is like ?????? ??
8,hZg4-AtRVHQ,jayden wilsher,Ain&#39;t wincest a supernatural ship lmao?
9,hZg4-AtRVHQ,toast,<b>sven and deep flashbacks</b>
10,hZg4-AtRVHQ,Emyly's Corner,I thought he was gonna say NI-
11,hZg4-AtRVHQ,Inkaloo,"<a href=""https://www.youtube.com/watch?v=hZg4-AtRVHQ&amp;t=0m11s"">0:11</a> <b>Wheeze Cough</b>"
12,hZg4-AtRVHQ,Rikitiki Baranara,First
13,hZg4-AtRVHQ,Sebu,Don&#39;t Say It...| In Brains FUC* ALL OF YOU I LOVE ANIME
14,hZg4-AtRVHQ,??c Hu?nh,We are pewpiepu(bu?) :v
15,hZg4-AtRVHQ,Dead,Wth?
16,hZg4-AtRVHQ,yon,"<b><a href=""https://www.youtube.com/watch?v=hZg4-AtRVHQ&amp;t=0m22s"">0:22</a></b><b> wHy tHerE iS jîErgen?</b>"
17,hZg4-AtRVHQ,Adam,Wtf???????
18,hZg4-AtRVHQ,no thing,Koniáiva
19,hZg4-AtRVHQ,Dhfhh Gughj,??????
20,hZg4-AtRVHQ,Steven Angelo Collini,dead
21,BhkBifP4aiQ,mia mae,Cant stop watching I LIKE DUCK SALTYYYY
22,BhkBifP4aiQ,Baka no Krow,Thats cool.
23,BhkBifP4aiQ,Harold Daniel,Best fanfiction ever 
24,BhkBifP4aiQ,wildanemone,Am I the only one who found this hilarious and freaky?
25,BhkBifP4aiQ,Sketchy Qubox,I just love the plot twists XD
26,BhkBifP4aiQ,Blake Messina,It&#39;s so much better with Cry reading it exactly as it was apparently written. Animation is 100%
27,BhkBifP4aiQ,Gang_bana,haha So funny Pewds :)
28,BhkBifP4aiQ,Maisyn,"Had a bad day today, this changed my mood instantly, thank you guys! &lt;3"
29,BhkBifP4aiQ,MYLEGOSTUFF,Hilarious! I was laughing my ass off! How come you don&#39;t do much videos with Cry much like you used too? I miss you guys doing games together.
30,BhkBifP4aiQ,Daynger,How is there no comments... I think the world broke
31,BhkBifP4aiQ,Mushy Moo,"no words, just laughter (hope i spelled that right) 030 fistbump pewds o(o-o)<del>o o</del>(030)o"
32,BhkBifP4aiQ,mia mae,Cant stop watching I LIKE DUCK SALTYYYY
33,BhkBifP4aiQ,Baka no Krow,Thats cool.
34,BhkBifP4aiQ,Harold Daniel,Best fanfiction ever 
35,BhkBifP4aiQ,wildanemone,Am I the only one who found this hilarious and freaky?
36,BhkBifP4aiQ,Sketchy Qubox,I just love the plot twists XD
37,BhkBifP4aiQ,Blake Messina,It&#39;s so much better with Cry reading it exactly as it was apparently written. Animation is 100%
38,BhkBifP4aiQ,Gang_bana,haha So funny Pewds :)
39,BhkBifP4aiQ,Maisyn,"Had a bad day today, this changed my mood instantly, thank you guys! &lt;3"
40,BhkBifP4aiQ,MYLEGOSTUFF,Hilarious! I was laughing my ass off! How come you don&#39;t do much videos with Cry much like you used too? I miss you guys doing games together.
41,BhkBifP4aiQ,Daynger,How is there no comments... I think the world broke
42,BhkBifP4aiQ,Mushy Moo,"no words, just laughter (hope i spelled that right) 030 fistbump pewds o(o-o)<del>o o</del>(030)o"
43,YSAFr7by81U,SleepySabi,Rewatching in 2023 ????
44,YSAFr7by81U,Laki2Mempuni,i miss it
45,YSAFr7by81U,M Balazs,"<a href=""https://www.youtube.com/watch?v=YSAFr7by81U&amp;t=21m00s"">21:00</a> the new level of quality gaming"
46,YSAFr7by81U,Leia,"What happened to part 4?  and there is another 1 episode missing, dont remember the number.  missing episodes messes up the whole experience"
47,YSAFr7by81U,Maria K,2022 Still love watching your playthroughs bro
48,YSAFr7by81U,Krisinatorr,The good old days ??
49,YSAFr7by81U,marlyy k,2022????
50,YSAFr7by81U,Amy Waters,Wow this gives me stranger thing vibes
51,YSAFr7by81U,Haley Bennett,This is literally stranger things
52,YSAFr7by81U,Maximus Brights,"<a href=""https://www.youtube.com/watch?v=YSAFr7by81U&amp;t=12m05s"">12:05</a> ???? edgar being helpful??"
53,YSAFr7by81U,crystal the temperancexp ?,"<a href=""https://www.youtube.com/watch?v=YSAFr7by81U&amp;t=5m08s"">5:08</a> I forgot about that song ??"
54,YSAFr7by81U,BENJAMIN V.,2022?
55,YSAFr7by81U,IGRETRO VODs,"I agree, it?s really stupid she didn?t took the camera guy out"
56,YSAFr7by81U,IGRETRO VODs,I would take money from atm any day
57,YSAFr7by81U,IGRETRO VODs,"<a href=""https://www.youtube.com/watch?v=YSAFr7by81U&amp;t=10m15s"">10:15</a> wait, so you see them as a couple? That?s not how I see it, she is more like a child, not a woman in my eyes, at least."
58,YSAFr7by81U,neo bodan naega deo keo,Camera guy is always safe :)
59,YSAFr7by81U,Lexi Sauve,Hi
60,YSAFr7by81U,justin purvis,WHY IS THE LAST VID PRIVATE
61,YSAFr7by81U,Jack Miles,"She should go to Haddonfield, if she goes to the right house she&#39;ll get a sandwich with the option of mayonnaise and mustard"
62,YSAFr7by81U,Jack Miles,"Idk what it is but when it comes to these types of games, like this, Heavy Rain and Until Dawn, Pewds seems to be able to make little predictions about the story that turn out right quite a lot"
63,YSAFr7by81U,SleepySabi,Rewatching in 2023 ????
64,YSAFr7by81U,Laki2Mempuni,i miss it
65,YSAFr7by81U,M Balazs,"<a href=""https://www.youtube.com/watch?v=YSAFr7by81U&amp;t=21m00s"">21:00</a> the new level of quality gaming"
66,YSAFr7by81U,Leia,"What happened to part 4?  and there is another 1 episode missing, dont remember the number.  missing episodes messes up the whole experience"
67,YSAFr7by81U,Maria K,2022 Still love watching your playthroughs bro
68,YSAFr7by81U,Krisinatorr,The good old days ??
69,YSAFr7by81U,marlyy k,2022????
70,YSAFr7by81U,Amy Waters,Wow this gives me stranger thing vibes
71,YSAFr7by81U,Haley Bennett,This is literally stranger things
72,YSAFr7by81U,Maximus Brights,"<a href=""https://www.youtube.com/watch?v=YSAFr7by81U&amp;t=12m05s"">12:05</a> ???? edgar being helpful??"
73,YSAFr7by81U,crystal the temperancexp ?,"<a href=""https://www.youtube.com/watch?v=YSAFr7by81U&amp;t=5m08s"">5:08</a> I forgot about that song ??"
74,YSAFr7by81U,BENJAMIN V.,2022?
75,YSAFr7by81U,IGRETRO VODs,"I agree, it?s really stupid she didn?t took the camera guy out"
76,YSAFr7by81U,IGRETRO VODs,I would take money from atm any day
77,YSAFr7by81U,IGRETRO VODs,"<a href=""https://www.youtube.com/watch?v=YSAFr7by81U&amp;t=10m15s"">10:15</a> wait, so you see them as a couple? That?s not how I see it, she is more like a child, not a woman in my eyes, at least."
78,YSAFr7by81U,neo bodan naega deo keo,Camera guy is always safe :)
79,YSAFr7by81U,Lexi Sauve,Hi
80,YSAFr7by81U,justin purvis,WHY IS THE LAST VID PRIVATE
81,YSAFr7by81U,Jack Miles,"She should go to Haddonfield, if she goes to the right house she&#39;ll get a sandwich with the option of mayonnaise and mustard"
82,YSAFr7by81U,Jack Miles,"Idk what it is but when it comes to these types of games, like this, Heavy Rain and Until Dawn, Pewds seems to be able to make little predictions about the story that turn out right quite a lot"
83,YSAFr7by81U,SleepySabi,Rewatching in 2023 ????
84,YSAFr7by81U,Laki2Mempuni,i miss it
85,YSAFr7by81U,M Balazs,"<a href=""https://www.youtube.com/watch?v=YSAFr7by81U&amp;t=21m00s"">21:00</a> the new level of quality gaming"
86,YSAFr7by81U,Leia,"What happened to part 4?  and there is another 1 episode missing, dont remember the number.  missing episodes messes up the whole experience"
87,YSAFr7by81U,Maria K,2022 Still love watching your playthroughs bro
88,YSAFr7by81U,Krisinatorr,The good old days ??
89,YSAFr7by81U,marlyy k,2022????
90,YSAFr7by81U,Amy Waters,Wow this gives me stranger thing vibes
91,YSAFr7by81U,Haley Bennett,This is literally stranger things
92,YSAFr7by81U,Maximus Brights,"<a href=""https://www.youtube.com/watch?v=YSAFr7by81U&amp;t=12m05s"">12:05</a> ???? edgar being helpful??"
93,YSAFr7by81U,crystal the temperancexp ?,"<a href=""https://www.youtube.com/watch?v=YSAFr7by81U&amp;t=5m08s"">5:08</a> I forgot about that song ??"
94,YSAFr7by81U,BENJAMIN V.,2022?
95,YSAFr7by81U,IGRETRO VODs,"I agree, it?s really stupid she didn?t took the camera guy out"
96,YSAFr7by81U,IGRETRO VODs,I would take money from atm any day
97,YSAFr7by81U,IGRETRO VODs,"<a href=""https://www.youtube.com/watch?v=YSAFr7by81U&amp;t=10m15s"">10:15</a> wait, so you see them as a couple? That?s not how I see it, she is more like a child, not a woman in my eyes, at least."
98,YSAFr7by81U,neo bodan naega deo keo,Camera guy is always safe :)
99,YSAFr7by81U,Lexi Sauve,Hi
100,YSAFr7by81U,justin purvis,WHY IS THE LAST VID PRIVATE
101,YSAFr7by81U,Jack Miles,"She should go to Haddonfield, if she goes to the right house she&#39;ll get a sandwich with the option of mayonnaise and mustard"
102,YSAFr7by81U,Jack Miles,"Idk what it is but when it comes to these types of games, like this, Heavy Rain and Until Dawn, Pewds seems to be able to make little predictions about the story that turn out right quite a lot"
103,#NAME?,my name is something,This scream made me laugh so hard at 2.14 in the video
104,#NAME?,Yuritarded,Lol
105,#NAME?,Guyver,"<a href=""https://www.youtube.com/watch?v=-jRB-QoscIg&amp;t=3m53s"">3:53</a>"
106,#NAME?,Guyver,"<a href=""https://www.youtube.com/watch?v=-jRB-QoscIg&amp;t=1m02s"">1:02</a>-<a href=""https://www.youtube.com/watch?v=-jRB-QoscIg&amp;t=4m42s"">4:42</a>"
107,#NAME?,Angel_OVN,KRILL IS DELICIOUS AND YOU WILL EAT THAT SHIIII*****?????? good old pewds
108,#NAME?,Kari Navarro,who else binge watching his old videos again :)
109,#NAME?,Megan Davison,"&quot;ITS A CRAP!!!&quot; <a href=""https://www.youtube.com/watch?v=-jRB-QoscIg&amp;t=5m58s"">5:58</a>"
110,#NAME?,Justine,Watching these while high is the best. Best laugh I&#39;ve had in a looooong time.
111,#NAME?,Derek Hefner,"<a href=""https://www.youtube.com/watch?v=-jRB-QoscIg&amp;t=0m50s"">0:50</a> play this at 2x speed"
112,#NAME?,cal,the memories...
113,#NAME?,Trish Deonarain,"The real reason that pewds and Marzia dont have kids <a href=""https://www.youtube.com/watch?v=-jRB-QoscIg&amp;t=4m40s"">4:40</a>"
114,#NAME?,Vance Biondo,Putty that
115,#NAME?,Asgard Ninja,"<a href=""https://www.youtube.com/watch?v=-jRB-QoscIg&amp;t=5m52s"">5:52</a> That makes no sense"
116,#NAME?,Asgard Ninja,This Pewdiepie is perfect
117,#NAME?,Ashlee Sullivan,?It?s a crap!? ??
118,#NAME?,chain & triangle,I miss his intro
119,#NAME?,Misty,Lol.. why wouldn?t the chef paddle back towards the ship? ????
120,#NAME?,Marc Maxwell,uwu
121,#NAME?,Glitchrex,"His wife doesn&#39;t mind to dance with a mystery man, so she is cheating on him"
122,#NAME?,Britte Leenstra,Never used lmao but i think its appropriate now. I AM lmao.
123,#NAME?,my name is something,This scream made me laugh so hard at 2.14 in the video
124,#NAME?,Yuritarded,Lol
125,#NAME?,Guyver,"<a href=""https://www.youtube.com/watch?v=-jRB-QoscIg&amp;t=3m53s"">3:53</a>"
126,#NAME?,Guyver,"<a href=""https://www.youtube.com/watch?v=-jRB-QoscIg&amp;t=1m02s"">1:02</a>-<a href=""https://www.youtube.com/watch?v=-jRB-QoscIg&amp;t=4m42s"">4:42</a>"
127,#NAME?,Angel_OVN,KRILL IS DELICIOUS AND YOU WILL EAT THAT SHIIII*****?????? good old pewds
128,#NAME?,Kari Navarro,who else binge watching his old videos again :)
129,#NAME?,Megan Davison,"&quot;ITS A CRAP!!!&quot; <a href=""https://www.youtube.com/watch?v=-jRB-QoscIg&amp;t=5m58s"">5:58</a>"
130,#NAME?,Justine,Watching these while high is the best. Best laugh I&#39;ve had in a looooong time.
131,#NAME?,Derek Hefner,"<a href=""https://www.youtube.com/watch?v=-jRB-QoscIg&amp;t=0m50s"">0:50</a> play this at 2x speed"
132,#NAME?,cal,the memories...
133,#NAME?,Trish Deonarain,"The real reason that pewds and Marzia dont have kids <a href=""https://www.youtube.com/watch?v=-jRB-QoscIg&amp;t=4m40s"">4:40</a>"
134,#NAME?,Vance Biondo,Putty that
135,#NAME?,Asgard Ninja,"<a href=""https://www.youtube.com/watch?v=-jRB-QoscIg&amp;t=5m52s"">5:52</a> That makes no sense"
136,#NAME?,Asgard Ninja,This Pewdiepie is perfect
137,#NAME?,Ashlee Sullivan,?It?s a crap!? ??
138,#NAME?,chain & triangle,I miss his intro
139,#NAME?,Misty,Lol.. why wouldn?t the chef paddle back towards the ship? ????
140,#NAME?,Marc Maxwell,uwu
141,#NAME?,Glitchrex,"His wife doesn&#39;t mind to dance with a mystery man, so she is cheating on him"
142,#NAME?,Britte Leenstra,Never used lmao but i think its appropriate now. I AM lmao.
143,#NAME?,my name is something,This scream made me laugh so hard at 2.14 in the video
144,#NAME?,Yuritarded,Lol
145,#NAME?,Guyver,"<a href=""https://www.youtube.com/watch?v=-jRB-QoscIg&amp;t=3m53s"">3:53</a>"
146,#NAME?,Guyver,"<a href=""https://www.youtube.com/watch?v=-jRB-QoscIg&amp;t=1m02s"">1:02</a>-<a href=""https://www.youtube.com/watch?v=-jRB-QoscIg&amp;t=4m42s"">4:42</a>"
147,#NAME?,Angel_OVN,KRILL IS DELICIOUS AND YOU WILL EAT THAT SHIIII*****?????? good old pewds
148,#NAME?,Kari Navarro,who else binge watching his old videos again :)
149,#NAME?,Megan Davison,"&quot;ITS A CRAP!!!&quot; <a href=""https://www.youtube.com/watch?v=-jRB-QoscIg&amp;t=5m58s"">5:58</a>"
150,#NAME?,Justine,Watching these while high is the best. Best laugh I&#39;ve had in a looooong time.
151,#NAME?,Derek Hefner,"<a href=""https://www.youtube.com/watch?v=-jRB-QoscIg&amp;t=0m50s"">0:50</a> play this at 2x speed"
152,#NAME?,cal,the memories...
153,#NAME?,Trish Deonarain,"The real reason that pewds and Marzia dont have kids <a href=""https://www.youtube.com/watch?v=-jRB-QoscIg&amp;t=4m40s"">4:40</a>"
154,#NAME?,Vance Biondo,Putty that
155,#NAME?,Asgard Ninja,"<a href=""https://www.youtube.com/watch?v=-jRB-QoscIg&amp;t=5m52s"">5:52</a> That makes no sense"
156,#NAME?,Asgard Ninja,This Pewdiepie is perfect
157,#NAME?,Ashlee Sullivan,?It?s a crap!? ??
158,#NAME?,chain & triangle,I miss his intro
159,#NAME?,Misty,Lol.. why wouldn?t the chef paddle back towards the ship? ????
160,#NAME?,Marc Maxwell,uwu
161,#NAME?,Glitchrex,"His wife doesn&#39;t mind to dance with a mystery man, so she is cheating on him"
162,#NAME?,Britte Leenstra,Never used lmao but i think its appropriate now. I AM lmao.
163,#NAME?,my name is something,This scream made me laugh so hard at 2.14 in the video
164,#NAME?,Yuritarded,Lol
165,#NAME?,Guyver,"<a href=""https://www.youtube.com/watch?v=-jRB-QoscIg&amp;t=3m53s"">3:53</a>"
166,#NAME?,Guyver,"<a href=""https://www.youtube.com/watch?v=-jRB-QoscIg&amp;t=1m02s"">1:02</a>-<a href=""https://www.youtube.com/watch?v=-jRB-QoscIg&amp;t=4m42s"">4:42</a>"
167,#NAME?,Angel_OVN,KRILL IS DELICIOUS AND YOU WILL EAT THAT SHIIII*****?????? good old pewds
168,#NAME?,Kari Navarro,who else binge watching his old videos again :)
169,#NAME?,Megan Davison,"&quot;ITS A CRAP!!!&quot; <a href=""https://www.youtube.com/watch?v=-jRB-QoscIg&amp;t=5m58s"">5:58</a>"
170,#NAME?,Justine,Watching these while high is the best. Best laugh I&#39;ve had in a looooong time.
171,#NAME?,Derek Hefner,"<a href=""https://www.youtube.com/watch?v=-jRB-QoscIg&amp;t=0m50s"">0:50</a> play this at 2x speed"
172,#NAME?,cal,the memories...
173,#NAME?,Trish Deonarain,"The real reason that pewds and Marzia dont have kids <a href=""https://www.youtube.com/watch?v=-jRB-QoscIg&amp;t=4m40s"">4:40</a>"
174,#NAME?,Vance Biondo,Putty that
175,#NAME?,Asgard Ninja,"<a href=""https://www.youtube.com/watch?v=-jRB-QoscIg&amp;t=5m52s"">5:52</a> That makes no sense"
176,#NAME?,Asgard Ninja,This Pewdiepie is perfect
177,#NAME?,Ashlee Sullivan,?It?s a crap!? ??
178,#NAME?,chain & triangle,I miss his intro
179,#NAME?,Misty,Lol.. why wouldn?t the chef paddle back towards the ship? ????
180,#NAME?,Marc Maxwell,uwu
181,#NAME?,Glitchrex,"His wife doesn&#39;t mind to dance with a mystery man, so she is cheating on him"
182,#NAME?,Britte Leenstra,Never used lmao but i think its appropriate now. I AM lmao.
183,U4l-QnLwNuQ,??,"When Pewdiepie plays it, it become historically accurate battle simulator"
184,U4l-QnLwNuQ,El??n Camalov,"Am I Finnish?No,I am Swedish<br>Bruhh"
185,U4l-QnLwNuQ,Inevitable,"<a href=""https://www.youtube.com/watch?v=U4l-QnLwNuQ&amp;t=4m36s"">4:36</a>"
186,U4l-QnLwNuQ,SjefR,"Joergen before he became a horse <a href=""https://www.youtube.com/watch?v=U4l-QnLwNuQ&amp;t=3m42s"">3:42</a>"
187,U4l-QnLwNuQ,Jonathan,2020 still best gameplay video ever
188,U4l-QnLwNuQ,Asteri?n,"its been 5yrs, still funny asf"
189,U4l-QnLwNuQ,Kitty the Cat,Sabaton lyric chain in the replies let?s go:
190,U4l-QnLwNuQ,F H,I still confused what is the connection between Cannon Ass with Neon Genesis Evangelion
191,U4l-QnLwNuQ,Gino Goossens,This is still in my top 3 favourite videos from pewdiepie
192,U4l-QnLwNuQ,It's Henry,GÜ PÜ Tactics! les GO
193,U4l-QnLwNuQ,Mr - Hewders,great.  the battle of poltava is here
194,U4l-QnLwNuQ,Old Gamer 99,"<a href=""https://www.youtube.com/watch?v=U4l-QnLwNuQ&amp;t=4m40s"">4:40</a> LOL"
195,U4l-QnLwNuQ,LOL MAN,Ok dÅd so good
196,U4l-QnLwNuQ,lol,"wth, im watching Neon Genesis these days<br>after listening to that conon ass shit, I have to continue watching"
197,U4l-QnLwNuQ,Ron Ragas,BRO EVERY CLIP IS FUNNY AF
198,U4l-QnLwNuQ,fe ding,pewds should see TABS now.
199,U4l-QnLwNuQ,Pham van Thai,Kành gi?i tr°
200,U4l-QnLwNuQ,Zig Lakra,What&#39;s the music name in the video
201,U4l-QnLwNuQ,Supermarine Spitfire,Bri&#39;ish?
202,U4l-QnLwNuQ,ajit pawar,Nice bros
203,U4l-QnLwNuQ,??,"When Pewdiepie plays it, it become historically accurate battle simulator"
204,U4l-QnLwNuQ,El??n Camalov,"Am I Finnish?No,I am Swedish<br>Bruhh"
205,U4l-QnLwNuQ,Inevitable,"<a href=""https://www.youtube.com/watch?v=U4l-QnLwNuQ&amp;t=4m36s"">4:36</a>"
206,U4l-QnLwNuQ,SjefR,"Joergen before he became a horse <a href=""https://www.youtube.com/watch?v=U4l-QnLwNuQ&amp;t=3m42s"">3:42</a>"
207,U4l-QnLwNuQ,Jonathan,2020 still best gameplay video ever
208,U4l-QnLwNuQ,Asteri?n,"its been 5yrs, still funny asf"
209,U4l-QnLwNuQ,Kitty the Cat,Sabaton lyric chain in the replies let?s go:
210,U4l-QnLwNuQ,F H,I still confused what is the connection between Cannon Ass with Neon Genesis Evangelion
211,U4l-QnLwNuQ,Gino Goossens,This is still in my top 3 favourite videos from pewdiepie
212,U4l-QnLwNuQ,It's Henry,GÜ PÜ Tactics! les GO
213,U4l-QnLwNuQ,Mr - Hewders,great.  the battle of poltava is here
214,U4l-QnLwNuQ,Old Gamer 99,"<a href=""https://www.youtube.com/watch?v=U4l-QnLwNuQ&amp;t=4m40s"">4:40</a> LOL"
215,U4l-QnLwNuQ,LOL MAN,Ok dÅd so good
216,U4l-QnLwNuQ,lol,"wth, im watching Neon Genesis these days<br>after listening to that conon ass shit, I have to continue watching"
217,U4l-QnLwNuQ,Ron Ragas,BRO EVERY CLIP IS FUNNY AF
218,U4l-QnLwNuQ,fe ding,pewds should see TABS now.
219,U4l-QnLwNuQ,Pham van Thai,Kành gi?i tr°
220,U4l-QnLwNuQ,Zig Lakra,What&#39;s the music name in the video
221,U4l-QnLwNuQ,Supermarine Spitfire,Bri&#39;ish?
222,U4l-QnLwNuQ,ajit pawar,Nice bros
223,U4l-QnLwNuQ,??,"When Pewdiepie plays it, it become historically accurate battle simulator"
224,U4l-QnLwNuQ,El??n Camalov,"Am I Finnish?No,I am Swedish<br>Bruhh"
225,U4l-QnLwNuQ,Inevitable,"<a href=""https://www.youtube.com/watch?v=U4l-QnLwNuQ&amp;t=4m36s"">4:36</a>"
226,U4l-QnLwNuQ,SjefR,"Joergen before he became a horse <a href=""https://www.youtube.com/watch?v=U4l-QnLwNuQ&amp;t=3m42s"">3:42</a>"
227,U4l-QnLwNuQ,Jonathan,2020 still best gameplay video ever
228,U4l-QnLwNuQ,Asteri?n,"its been 5yrs, still funny asf"
229,U4l-QnLwNuQ,Kitty the Cat,Sabaton lyric chain in the replies let?s go:
230,U4l-QnLwNuQ,F H,I still confused what is the connection between Cannon Ass with Neon Genesis Evangelion
231,U4l-QnLwNuQ,Gino Goossens,This is still in my top 3 favourite videos from pewdiepie
232,U4l-QnLwNuQ,It's Henry,GÜ PÜ Tactics! les GO
233,U4l-QnLwNuQ,Mr - Hewders,great.  the battle of poltava is here
234,U4l-QnLwNuQ,Old Gamer 99,"<a href=""https://www.youtube.com/watch?v=U4l-QnLwNuQ&amp;t=4m40s"">4:40</a> LOL"
235,U4l-QnLwNuQ,LOL MAN,Ok dÅd so good
236,U4l-QnLwNuQ,lol,"wth, im watching Neon Genesis these days<br>after listening to that conon ass shit, I have to continue watching"
237,U4l-QnLwNuQ,Ron Ragas,BRO EVERY CLIP IS FUNNY AF
238,U4l-QnLwNuQ,fe ding,pewds should see TABS now.
239,U4l-QnLwNuQ,Pham van Thai,Kành gi?i tr°
240,U4l-QnLwNuQ,Zig Lakra,What&#39;s the music name in the video
241,U4l-QnLwNuQ,Supermarine Spitfire,Bri&#39;ish?
242,U4l-QnLwNuQ,ajit pawar,Nice bros
243,U4l-QnLwNuQ,??,"When Pewdiepie plays it, it become historically accurate battle simulator"
244,U4l-QnLwNuQ,El??n Camalov,"Am I Finnish?No,I am Swedish<br>Bruhh"
245,U4l-QnLwNuQ,Inevitable,"<a href=""https://www.youtube.com/watch?v=U4l-QnLwNuQ&amp;t=4m36s"">4:36</a>"
246,U4l-QnLwNuQ,SjefR,"Joergen before he became a horse <a href=""https://www.youtube.com/watch?v=U4l-QnLwNuQ&amp;t=3m42s"">3:42</a>"
247,U4l-QnLwNuQ,Jonathan,2020 still best gameplay video ever
248,U4l-QnLwNuQ,Asteri?n,"its been 5yrs, still funny asf"
249,U4l-QnLwNuQ,Kitty the Cat,Sabaton lyric chain in the replies let?s go:
250,U4l-QnLwNuQ,F H,I still confused what is the connection between Cannon Ass with Neon Genesis Evangelion
251,U4l-QnLwNuQ,Gino Goossens,This is still in my top 3 favourite videos from pewdiepie
252,U4l-QnLwNuQ,It's Henry,GÜ PÜ Tactics! les GO
253,U4l-QnLwNuQ,Mr - Hewders,great.  the battle of poltava is here
254,U4l-QnLwNuQ,Old Gamer 99,"<a href=""https://www.youtube.com/watch?v=U4l-QnLwNuQ&amp;t=4m40s"">4:40</a> LOL"
255,U4l-QnLwNuQ,LOL MAN,Ok dÅd so good
256,U4l-QnLwNuQ,lol,"wth, im watching Neon Genesis these days<br>after listening to that conon ass shit, I have to continue watching"
257,U4l-QnLwNuQ,Ron Ragas,BRO EVERY CLIP IS FUNNY AF
258,U4l-QnLwNuQ,fe ding,pewds should see TABS now.
259,U4l-QnLwNuQ,Pham van Thai,Kành gi?i tr°
260,U4l-QnLwNuQ,Zig Lakra,What&#39;s the music name in the video
261,U4l-QnLwNuQ,Supermarine Spitfire,Bri&#39;ish?
262,U4l-QnLwNuQ,ajit pawar,Nice bros
263,U4l-QnLwNuQ,??,"When Pewdiepie plays it, it become historically accurate battle simulator"
264,U4l-QnLwNuQ,El??n Camalov,"Am I Finnish?No,I am Swedish<br>Bruhh"
265,U4l-QnLwNuQ,Inevitable,"<a href=""https://www.youtube.com/watch?v=U4l-QnLwNuQ&amp;t=4m36s"">4:36</a>"
266,U4l-QnLwNuQ,SjefR,"Joergen before he became a horse <a href=""https://www.youtube.com/watch?v=U4l-QnLwNuQ&amp;t=3m42s"">3:42</a>"
267,U4l-QnLwNuQ,Jonathan,2020 still best gameplay video ever
268,U4l-QnLwNuQ,Asteri?n,"its been 5yrs, still funny asf"
269,U4l-QnLwNuQ,Kitty the Cat,Sabaton lyric chain in the replies let?s go:
270,U4l-QnLwNuQ,F H,I still confused what is the connection between Cannon Ass with Neon Genesis Evangelion
271,U4l-QnLwNuQ,Gino Goossens,This is still in my top 3 favourite videos from pewdiepie
272,U4l-QnLwNuQ,It's Henry,GÜ PÜ Tactics! les GO
273,U4l-QnLwNuQ,Mr - Hewders,great.  the battle of poltava is here
274,U4l-QnLwNuQ,Old Gamer 99,"<a href=""https://www.youtube.com/watch?v=U4l-QnLwNuQ&amp;t=4m40s"">4:40</a> LOL"
275,U4l-QnLwNuQ,LOL MAN,Ok dÅd so good
276,U4l-QnLwNuQ,lol,"wth, im watching Neon Genesis these days<br>after listening to that conon ass shit, I have to continue watching"
277,U4l-QnLwNuQ,Ron Ragas,BRO EVERY CLIP IS FUNNY AF
278,U4l-QnLwNuQ,fe ding,pewds should see TABS now.
279,U4l-QnLwNuQ,Pham van Thai,Kành gi?i tr°
280,U4l-QnLwNuQ,Zig Lakra,What&#39;s the music name in the video
281,U4l-QnLwNuQ,Supermarine Spitfire,Bri&#39;ish?
282,U4l-QnLwNuQ,ajit pawar,Nice bros
283,BhkBifP4aiQ,mia mae,Cant stop watching I LIKE DUCK SALTYYYY
284,BhkBifP4aiQ,Baka no Krow,Thats cool.
285,BhkBifP4aiQ,Harold Daniel,Best fanfiction ever 
286,BhkBifP4aiQ,wildanemone,Am I the only one who found this hilarious and freaky?
287,BhkBifP4aiQ,Sketchy Qubox,I just love the plot twists XD
288,BhkBifP4aiQ,Blake Messina,It&#39;s so much better with Cry reading it exactly as it was apparently written. Animation is 100%
289,BhkBifP4aiQ,Gang_bana,haha So funny Pewds :)
290,BhkBifP4aiQ,Maisyn,"Had a bad day today, this changed my mood instantly, thank you guys! &lt;3"
291,BhkBifP4aiQ,MYLEGOSTUFF,Hilarious! I was laughing my ass off! How come you don&#39;t do much videos with Cry much like you used too? I miss you guys doing games together.
292,BhkBifP4aiQ,Daynger,How is there no comments... I think the world broke
293,BhkBifP4aiQ,Mushy Moo,"no words, just laughter (hope i spelled that right) 030 fistbump pewds o(o-o)<del>o o</del>(030)o"
294,QPHXSIODfz0,Shen,Revisiting the classics once again ????
295,QPHXSIODfz0,Genesis Osuna,I miss this pewdiepie
296,QPHXSIODfz0,SC4 REACTOR,2013 PLANT
297,QPHXSIODfz0,StoneAF,"Pewds and his intros, &quot;Welcome back to parasoniac/ paranormal.&quot;"
298,QPHXSIODfz0,Yes yes,Day 21 of commenting on every single one of pewds videos. Video count:1073
299,QPHXSIODfz0,Michael Chandra,Whats the name of the song on the piano part ?
300,QPHXSIODfz0,The Harrerei,i scrolled through pewdiepies videos to find the earliest upload
301,QPHXSIODfz0,The Harrerei,i scrolled through pewdiepies videos to find the earlies upload
302,QPHXSIODfz0,brandon modesto,welcome to the last vid
303,QPHXSIODfz0,???,??? ???? ? ?? ?? ?? ??? ??
304,QPHXSIODfz0,hunter Marwan,2020  ???
305,QPHXSIODfz0,stupid,Hi im the future and im back to see the old video of pewdiepie say <br><br><br><br><br>HI
306,QPHXSIODfz0,Alexia,"<a href=""https://www.youtube.com/watch?v=QPHXSIODfz0&amp;t=0m16s"">0:16</a> his reaction after the burp is hilarious"
307,QPHXSIODfz0,James Cordero,Notice me senpai. ??
308,QPHXSIODfz0,El Nano :3,"I&#39;m watch this videos and see below the pewds merchandise and in mine minds think... this man never change, still relevant :3"
309,QPHXSIODfz0,imbel,Ima wear my headphones since this ep cuz its late at night and I don&#39;t wanna wake anybody up ;)
310,QPHXSIODfz0,Sabilaziz21,"that scream tho <a href=""https://www.youtube.com/watch?v=QPHXSIODfz0&amp;t=9m09s"">9:09</a>"
311,QPHXSIODfz0,Ethan Sami,The double back trick... i use jukes like that in dbd but 2019... anyone
312,QPHXSIODfz0,Flame Wolf girl,PewDiePie: Ah that was easy :D<br>Me: <b>wondering what happen next</b> Where is the monster?
313,QPHXSIODfz0,Shihouin,"<a href=""https://www.youtube.com/watch?v=QPHXSIODfz0&amp;t=5m53s"">5:53</a> selena mobile legends"
314,QPHXSIODfz0,Shen,Revisiting the classics once again ????
315,QPHXSIODfz0,Genesis Osuna,I miss this pewdiepie
316,QPHXSIODfz0,SC4 REACTOR,2013 PLANT
317,QPHXSIODfz0,StoneAF,"Pewds and his intros, &quot;Welcome back to parasoniac/ paranormal.&quot;"
318,QPHXSIODfz0,Yes yes,Day 21 of commenting on every single one of pewds videos. Video count:1073
319,QPHXSIODfz0,Michael Chandra,Whats the name of the song on the piano part ?
320,QPHXSIODfz0,The Harrerei,i scrolled through pewdiepies videos to find the earliest upload
321,QPHXSIODfz0,The Harrerei,i scrolled through pewdiepies videos to find the earlies upload
322,QPHXSIODfz0,brandon modesto,welcome to the last vid
323,QPHXSIODfz0,???,??? ???? ? ?? ?? ?? ??? ??
324,QPHXSIODfz0,hunter Marwan,2020  ???
325,QPHXSIODfz0,stupid,Hi im the future and im back to see the old video of pewdiepie say <br><br><br><br><br>HI
326,QPHXSIODfz0,Alexia,"<a href=""https://www.youtube.com/watch?v=QPHXSIODfz0&amp;t=0m16s"">0:16</a> his reaction after the burp is hilarious"
327,QPHXSIODfz0,James Cordero,Notice me senpai. ??
328,QPHXSIODfz0,El Nano :3,"I&#39;m watch this videos and see below the pewds merchandise and in mine minds think... this man never change, still relevant :3"
329,QPHXSIODfz0,imbel,Ima wear my headphones since this ep cuz its late at night and I don&#39;t wanna wake anybody up ;)
330,QPHXSIODfz0,Sabilaziz21,"that scream tho <a href=""https://www.youtube.com/watch?v=QPHXSIODfz0&amp;t=9m09s"">9:09</a>"
331,QPHXSIODfz0,Ethan Sami,The double back trick... i use jukes like that in dbd but 2019... anyone
332,QPHXSIODfz0,Flame Wolf girl,PewDiePie: Ah that was easy :D<br>Me: <b>wondering what happen next</b> Where is the monster?
333,QPHXSIODfz0,Shihouin,"<a href=""https://www.youtube.com/watch?v=QPHXSIODfz0&amp;t=5m53s"">5:53</a> selena mobile legends"
334,W4ZjbmTCP9E,Gasp,Been a while
335,W4ZjbmTCP9E,Akialia2u,This still makes me cry laugh
336,W4ZjbmTCP9E,Nejc Ferli?,hi
337,W4ZjbmTCP9E,Erin Pastorius,6 years later and this is still hilarious to watch??
338,W4ZjbmTCP9E,Hypnotic Skull,"<a href=""https://www.youtube.com/watch?v=W4ZjbmTCP9E&amp;t=0m00s"">0:00</a> when you don?t know how to talk to girls"
339,W4ZjbmTCP9E,Simon Nielsen,5
340,W4ZjbmTCP9E,Willy B,"<a href=""https://www.youtube.com/watch?v=W4ZjbmTCP9E&amp;t=11m08s"">11:08</a>"
341,W4ZjbmTCP9E,Willy B,"<a href=""https://www.youtube.com/watch?v=W4ZjbmTCP9E&amp;t=11m09s"">11:09</a>"
342,W4ZjbmTCP9E,Asgard Ninja,I miss old Pewdiepie
343,W4ZjbmTCP9E,Asgard Ninja,This game is so strange
344,W4ZjbmTCP9E,Iforgottoburrythebody,Before meme review
345,W4ZjbmTCP9E,Gaming_Grim_Reaper,He does not use a controller
346,W4ZjbmTCP9E,Hero-Simp,Dont tell me what to do! ??
347,W4ZjbmTCP9E,rhonn's vlogs and video,What the hell are you seing
348,W4ZjbmTCP9E,Dr. Bender,anyone in 2019
349,W4ZjbmTCP9E,Guppy,I?m watching this in 2019 and oh my I miss this
350,W4ZjbmTCP9E,Kaitlyn Winslow,"<a href=""https://www.youtube.com/watch?v=W4ZjbmTCP9E&amp;t=11m37s"">11:37</a> that made me laugh lol"
351,W4ZjbmTCP9E,DROP_DEAD_1989,"Laughed so hard at <a href=""https://www.youtube.com/watch?v=W4ZjbmTCP9E&amp;t=11m36s"">11:36</a> it was so slick he could hardly believe it ????????"
352,W4ZjbmTCP9E,Madison Perriton,Who is watching in 2018??
353,W4ZjbmTCP9E,Cheryl Purnell,"<a href=""https://www.youtube.com/watch?v=W4ZjbmTCP9E&amp;t=3m42s"">3:42</a><br><b>DON?T TELL ME WHAT TO DO!</b>"
354,W4ZjbmTCP9E,Gasp,Been a while
355,W4ZjbmTCP9E,Akialia2u,This still makes me cry laugh
356,W4ZjbmTCP9E,Nejc Ferli?,hi
357,W4ZjbmTCP9E,Erin Pastorius,6 years later and this is still hilarious to watch??
358,W4ZjbmTCP9E,Hypnotic Skull,"<a href=""https://www.youtube.com/watch?v=W4ZjbmTCP9E&amp;t=0m00s"">0:00</a> when you don?t know how to talk to girls"
359,W4ZjbmTCP9E,Simon Nielsen,5
360,W4ZjbmTCP9E,Willy B,"<a href=""https://www.youtube.com/watch?v=W4ZjbmTCP9E&amp;t=11m08s"">11:08</a>"
361,W4ZjbmTCP9E,Willy B,"<a href=""https://www.youtube.com/watch?v=W4ZjbmTCP9E&amp;t=11m09s"">11:09</a>"
362,W4ZjbmTCP9E,Asgard Ninja,I miss old Pewdiepie
363,W4ZjbmTCP9E,Asgard Ninja,This game is so strange
364,W4ZjbmTCP9E,Iforgottoburrythebody,Before meme review
365,W4ZjbmTCP9E,Gaming_Grim_Reaper,He does not use a controller
366,W4ZjbmTCP9E,Hero-Simp,Dont tell me what to do! ??
367,W4ZjbmTCP9E,rhonn's vlogs and video,What the hell are you seing
368,W4ZjbmTCP9E,Dr. Bender,anyone in 2019
369,W4ZjbmTCP9E,Guppy,I?m watching this in 2019 and oh my I miss this
370,W4ZjbmTCP9E,Kaitlyn Winslow,"<a href=""https://www.youtube.com/watch?v=W4ZjbmTCP9E&amp;t=11m37s"">11:37</a> that made me laugh lol"
371,W4ZjbmTCP9E,DROP_DEAD_1989,"Laughed so hard at <a href=""https://www.youtube.com/watch?v=W4ZjbmTCP9E&amp;t=11m36s"">11:36</a> it was so slick he could hardly believe it ????????"
372,W4ZjbmTCP9E,Madison Perriton,Who is watching in 2018??
373,W4ZjbmTCP9E,Cheryl Purnell,"<a href=""https://www.youtube.com/watch?v=W4ZjbmTCP9E&amp;t=3m42s"">3:42</a><br><b>DON?T TELL ME WHAT TO DO!</b>"
374,W4ZjbmTCP9E,Gasp,Been a while
375,W4ZjbmTCP9E,Akialia2u,This still makes me cry laugh
376,W4ZjbmTCP9E,Nejc Ferli?,hi
377,W4ZjbmTCP9E,Erin Pastorius,6 years later and this is still hilarious to watch??
378,W4ZjbmTCP9E,Hypnotic Skull,"<a href=""https://www.youtube.com/watch?v=W4ZjbmTCP9E&amp;t=0m00s"">0:00</a> when you don?t know how to talk to girls"
379,W4ZjbmTCP9E,Simon Nielsen,5
380,W4ZjbmTCP9E,Willy B,"<a href=""https://www.youtube.com/watch?v=W4ZjbmTCP9E&amp;t=11m08s"">11:08</a>"
381,W4ZjbmTCP9E,Willy B,"<a href=""https://www.youtube.com/watch?v=W4ZjbmTCP9E&amp;t=11m09s"">11:09</a>"
382,W4ZjbmTCP9E,Asgard Ninja,I miss old Pewdiepie
383,W4ZjbmTCP9E,Asgard Ninja,This game is so strange
384,W4ZjbmTCP9E,Iforgottoburrythebody,Before meme review
385,W4ZjbmTCP9E,Gaming_Grim_Reaper,He does not use a controller
386,W4ZjbmTCP9E,Hero-Simp,Dont tell me what to do! ??
387,W4ZjbmTCP9E,rhonn's vlogs and video,What the hell are you seing
388,W4ZjbmTCP9E,Dr. Bender,anyone in 2019
389,W4ZjbmTCP9E,Guppy,I?m watching this in 2019 and oh my I miss this
390,W4ZjbmTCP9E,Kaitlyn Winslow,"<a href=""https://www.youtube.com/watch?v=W4ZjbmTCP9E&amp;t=11m37s"">11:37</a> that made me laugh lol"
391,W4ZjbmTCP9E,DROP_DEAD_1989,"Laughed so hard at <a href=""https://www.youtube.com/watch?v=W4ZjbmTCP9E&amp;t=11m36s"">11:36</a> it was so slick he could hardly believe it ????????"
392,W4ZjbmTCP9E,Madison Perriton,Who is watching in 2018??
393,W4ZjbmTCP9E,Cheryl Purnell,"<a href=""https://www.youtube.com/watch?v=W4ZjbmTCP9E&amp;t=3m42s"">3:42</a><br><b>DON?T TELL ME WHAT TO DO!</b>"
394,YSAFr7by81U,SleepySabi,Rewatching in 2023 ????
395,YSAFr7by81U,Laki2Mempuni,i miss it
396,YSAFr7by81U,M Balazs,"<a href=""https://www.youtube.com/watch?v=YSAFr7by81U&amp;t=21m00s"">21:00</a> the new level of quality gaming"
397,YSAFr7by81U,Leia,"What happened to part 4?  and there is another 1 episode missing, dont remember the number.  missing episodes messes up the whole experience"
398,YSAFr7by81U,Maria K,2022 Still love watching your playthroughs bro
399,YSAFr7by81U,Krisinatorr,The good old days ??
400,YSAFr7by81U,marlyy k,2022????
401,YSAFr7by81U,Amy Waters,Wow this gives me stranger thing vibes
402,YSAFr7by81U,Haley Bennett,This is literally stranger things
403,YSAFr7by81U,Maximus Brights,"<a href=""https://www.youtube.com/watch?v=YSAFr7by81U&amp;t=12m05s"">12:05</a> ???? edgar being helpful??"
404,YSAFr7by81U,crystal the temperancexp ?,"<a href=""https://www.youtube.com/watch?v=YSAFr7by81U&amp;t=5m08s"">5:08</a> I forgot about that song ??"
405,YSAFr7by81U,BENJAMIN V.,2022?
406,YSAFr7by81U,IGRETRO VODs,"I agree, it?s really stupid she didn?t took the camera guy out"
407,YSAFr7by81U,IGRETRO VODs,I would take money from atm any day
408,YSAFr7by81U,IGRETRO VODs,"<a href=""https://www.youtube.com/watch?v=YSAFr7by81U&amp;t=10m15s"">10:15</a> wait, so you see them as a couple? That?s not how I see it, she is more like a child, not a woman in my eyes, at least."
409,YSAFr7by81U,neo bodan naega deo keo,Camera guy is always safe :)
410,YSAFr7by81U,Lexi Sauve,Hi
411,YSAFr7by81U,justin purvis,WHY IS THE LAST VID PRIVATE
412,YSAFr7by81U,Jack Miles,"She should go to Haddonfield, if she goes to the right house she&#39;ll get a sandwich with the option of mayonnaise and mustard"
413,YSAFr7by81U,Jack Miles,"Idk what it is but when it comes to these types of games, like this, Heavy Rain and Until Dawn, Pewds seems to be able to make little predictions about the story that turn out right quite a lot"
414,YSAFr7by81U,SleepySabi,Rewatching in 2023 ????
415,YSAFr7by81U,Laki2Mempuni,i miss it
416,YSAFr7by81U,M Balazs,"<a href=""https://www.youtube.com/watch?v=YSAFr7by81U&amp;t=21m00s"">21:00</a> the new level of quality gaming"
417,YSAFr7by81U,Leia,"What happened to part 4?  and there is another 1 episode missing, dont remember the number.  missing episodes messes up the whole experience"
418,YSAFr7by81U,Maria K,2022 Still love watching your playthroughs bro
419,YSAFr7by81U,Krisinatorr,The good old days ??
420,YSAFr7by81U,marlyy k,2022????
421,YSAFr7by81U,Amy Waters,Wow this gives me stranger thing vibes
422,YSAFr7by81U,Haley Bennett,This is literally stranger things
423,YSAFr7by81U,Maximus Brights,"<a href=""https://www.youtube.com/watch?v=YSAFr7by81U&amp;t=12m05s"">12:05</a> ???? edgar being helpful??"
424,YSAFr7by81U,crystal the temperancexp ?,"<a href=""https://www.youtube.com/watch?v=YSAFr7by81U&amp;t=5m08s"">5:08</a> I forgot about that song ??"
425,YSAFr7by81U,BENJAMIN V.,2022?
426,YSAFr7by81U,IGRETRO VODs,"I agree, it?s really stupid she didn?t took the camera guy out"
427,YSAFr7by81U,IGRETRO VODs,I would take money from atm any day
428,YSAFr7by81U,IGRETRO VODs,"<a href=""https://www.youtube.com/watch?v=YSAFr7by81U&amp;t=10m15s"">10:15</a> wait, so you see them as a couple? That?s not how I see it, she is more like a child, not a woman in my eyes, at least."
429,YSAFr7by81U,neo bodan naega deo keo,Camera guy is always safe :)
430,YSAFr7by81U,Lexi Sauve,Hi
431,YSAFr7by81U,justin purvis,WHY IS THE LAST VID PRIVATE
432,YSAFr7by81U,Jack Miles,"She should go to Haddonfield, if she goes to the right house she&#39;ll get a sandwich with the option of mayonnaise and mustard"
433,YSAFr7by81U,Jack Miles,"Idk what it is but when it comes to these types of games, like this, Heavy Rain and Until Dawn, Pewds seems to be able to make little predictions about the story that turn out right quite a lot"
434,YSAFr7by81U,SleepySabi,Rewatching in 2023 ????
435,YSAFr7by81U,Laki2Mempuni,i miss it
436,YSAFr7by81U,M Balazs,"<a href=""https://www.youtube.com/watch?v=YSAFr7by81U&amp;t=21m00s"">21:00</a> the new level of quality gaming"
437,YSAFr7by81U,Leia,"What happened to part 4?  and there is another 1 episode missing, dont remember the number.  missing episodes messes up the whole experience"
438,YSAFr7by81U,Maria K,2022 Still love watching your playthroughs bro
439,YSAFr7by81U,Krisinatorr,The good old days ??
440,YSAFr7by81U,marlyy k,2022????
441,YSAFr7by81U,Amy Waters,Wow this gives me stranger thing vibes
442,YSAFr7by81U,Haley Bennett,This is literally stranger things
443,YSAFr7by81U,Maximus Brights,"<a href=""https://www.youtube.com/watch?v=YSAFr7by81U&amp;t=12m05s"">12:05</a> ???? edgar being helpful??"
444,YSAFr7by81U,crystal the temperancexp ?,"<a href=""https://www.youtube.com/watch?v=YSAFr7by81U&amp;t=5m08s"">5:08</a> I forgot about that song ??"
445,YSAFr7by81U,BENJAMIN V.,2022?
446,YSAFr7by81U,IGRETRO VODs,"I agree, it?s really stupid she didn?t took the camera guy out"
447,YSAFr7by81U,IGRETRO VODs,I would take money from atm any day
448,YSAFr7by81U,IGRETRO VODs,"<a href=""https://www.youtube.com/watch?v=YSAFr7by81U&amp;t=10m15s"">10:15</a> wait, so you see them as a couple? That?s not how I see it, she is more like a child, not a woman in my eyes, at least."
449,YSAFr7by81U,neo bodan naega deo keo,Camera guy is always safe :)
450,YSAFr7by81U,Lexi Sauve,Hi
451,YSAFr7by81U,justin purvis,WHY IS THE LAST VID PRIVATE
452,YSAFr7by81U,Jack Miles,"She should go to Haddonfield, if she goes to the right house she&#39;ll get a sandwich with the option of mayonnaise and mustard"
453,YSAFr7by81U,Jack Miles,"Idk what it is but when it comes to these types of games, like this, Heavy Rain and Until Dawn, Pewds seems to be able to make little predictions about the story that turn out right quite a lot"
454,YSAFr7by81U,SleepySabi,Rewatching in 2023 ????
455,YSAFr7by81U,Laki2Mempuni,i miss it
456,YSAFr7by81U,M Balazs,"<a href=""https://www.youtube.com/watch?v=YSAFr7by81U&amp;t=21m00s"">21:00</a> the new level of quality gaming"
457,YSAFr7by81U,Leia,"What happened to part 4?  and there is another 1 episode missing, dont remember the number.  missing episodes messes up the whole experience"
458,YSAFr7by81U,Maria K,2022 Still love watching your playthroughs bro
459,YSAFr7by81U,Krisinatorr,The good old days ??
460,YSAFr7by81U,marlyy k,2022????
461,YSAFr7by81U,Amy Waters,Wow this gives me stranger thing vibes
462,YSAFr7by81U,Haley Bennett,This is literally stranger things
463,YSAFr7by81U,Maximus Brights,"<a href=""https://www.youtube.com/watch?v=YSAFr7by81U&amp;t=12m05s"">12:05</a> ???? edgar being helpful??"
464,YSAFr7by81U,crystal the temperancexp ?,"<a href=""https://www.youtube.com/watch?v=YSAFr7by81U&amp;t=5m08s"">5:08</a> I forgot about that song ??"
465,YSAFr7by81U,BENJAMIN V.,2022?
466,YSAFr7by81U,IGRETRO VODs,"I agree, it?s really stupid she didn?t took the camera guy out"
467,YSAFr7by81U,IGRETRO VODs,I would take money from atm any day
468,YSAFr7by81U,IGRETRO VODs,"<a href=""https://www.youtube.com/watch?v=YSAFr7by81U&amp;t=10m15s"">10:15</a> wait, so you see them as a couple? That?s not how I see it, she is more like a child, not a woman in my eyes, at least."
469,YSAFr7by81U,neo bodan naega deo keo,Camera guy is always safe :)
470,YSAFr7by81U,Lexi Sauve,Hi
471,YSAFr7by81U,justin purvis,WHY IS THE LAST VID PRIVATE
472,YSAFr7by81U,Jack Miles,"She should go to Haddonfield, if she goes to the right house she&#39;ll get a sandwich with the option of mayonnaise and mustard"
473,YSAFr7by81U,Jack Miles,"Idk what it is but when it comes to these types of games, like this, Heavy Rain and Until Dawn, Pewds seems to be able to make little predictions about the story that turn out right quite a lot"
474,uwSuPegXJuo,Boi solo,Covid is almost over
475,uwSuPegXJuo,benzoliin,it&#39;s a generic minecraft
476,uwSuPegXJuo,Bellalina,He create memes and he taketh away memes
477,uwSuPegXJuo,KX•G V?ZZ,Why am i here in 2019????
478,uwSuPegXJuo,Kozimex Production,Hi Bro. This is great and fun. Love it so much.
479,uwSuPegXJuo,Carla X,I came because of Google plus
480,uwSuPegXJuo,anima099,He meme&#39;d Donald Trump before it was a thing.
481,uwSuPegXJuo,B Gfvg,Ahhh nightmares
482,uwSuPegXJuo,Aiyla Vayu,When his videos weren&#39;t 10 minutes long
483,uwSuPegXJuo,Azuraii,Last my dudde
484,uwSuPegXJuo,Youji,"Song at <a href=""https://www.youtube.com/watch?v=uwSuPegXJuo&amp;t=2m30s"">2:30</a>?"
485,uwSuPegXJuo,The_Unnamed,"<a href=""https://www.youtube.com/watch?v=uwSuPegXJuo&amp;t=4m57s"">4:57</a> that looks like a monster from bloodborne"
486,uwSuPegXJuo,Lucas,"<a href=""https://www.youtube.com/watch?v=uwSuPegXJuo&amp;t=4m55s"">4:55</a> I thought it was a tree"
487,uwSuPegXJuo,The FatC,want to see magic?<br><br><br><br>Read more
488,uwSuPegXJuo,Dominic Wei·haupt,More please
489,uwSuPegXJuo,emma,What&#39;s The Background Music In This Called?
490,uwSuPegXJuo,letitia mcclung,Donald chicken
491,uwSuPegXJuo,letitia mcclung,I&#39;m in subscribeing
492,uwSuPegXJuo,Connor O'Hare,"Omg, pewdiepie predicted Donald trump winning????"
493,uwSuPegXJuo,MEOW MEOW,Creepy game in the world
494,uwSuPegXJuo,Boi solo,Covid is almost over
495,uwSuPegXJuo,benzoliin,it&#39;s a generic minecraft
496,uwSuPegXJuo,Bellalina,He create memes and he taketh away memes
497,uwSuPegXJuo,KX•G V?ZZ,Why am i here in 2019????
498,uwSuPegXJuo,Kozimex Production,Hi Bro. This is great and fun. Love it so much.
499,uwSuPegXJuo,Carla X,I came because of Google plus
500,uwSuPegXJuo,anima099,He meme&#39;d Donald Trump before it was a thing.
501,uwSuPegXJuo,B Gfvg,Ahhh nightmares
502,uwSuPegXJuo,Aiyla Vayu,When his videos weren&#39;t 10 minutes long
503,uwSuPegXJuo,Azuraii,Last my dudde
504,uwSuPegXJuo,Youji,"Song at <a href=""https://www.youtube.com/watch?v=uwSuPegXJuo&amp;t=2m30s"">2:30</a>?"
505,uwSuPegXJuo,The_Unnamed,"<a href=""https://www.youtube.com/watch?v=uwSuPegXJuo&amp;t=4m57s"">4:57</a> that looks like a monster from bloodborne"
506,uwSuPegXJuo,Lucas,"<a href=""https://www.youtube.com/watch?v=uwSuPegXJuo&amp;t=4m55s"">4:55</a> I thought it was a tree"
507,uwSuPegXJuo,The FatC,want to see magic?<br><br><br><br>Read more
508,uwSuPegXJuo,Dominic Wei·haupt,More please
509,uwSuPegXJuo,emma,What&#39;s The Background Music In This Called?
510,uwSuPegXJuo,letitia mcclung,Donald chicken
511,uwSuPegXJuo,letitia mcclung,I&#39;m in subscribeing
512,uwSuPegXJuo,Connor O'Hare,"Omg, pewdiepie predicted Donald trump winning????"
513,uwSuPegXJuo,MEOW MEOW,Creepy game in the world
514,uwSuPegXJuo,Boi solo,Covid is almost over
515,uwSuPegXJuo,benzoliin,it&#39;s a generic minecraft
516,uwSuPegXJuo,Bellalina,He create memes and he taketh away memes
517,uwSuPegXJuo,KX•G V?ZZ,Why am i here in 2019????
518,uwSuPegXJuo,Kozimex Production,Hi Bro. This is great and fun. Love it so much.
519,uwSuPegXJuo,Carla X,I came because of Google plus
520,uwSuPegXJuo,anima099,He meme&#39;d Donald Trump before it was a thing.
521,uwSuPegXJuo,B Gfvg,Ahhh nightmares
522,uwSuPegXJuo,Aiyla Vayu,When his videos weren&#39;t 10 minutes long
523,uwSuPegXJuo,Azuraii,Last my dudde
524,uwSuPegXJuo,Youji,"Song at <a href=""https://www.youtube.com/watch?v=uwSuPegXJuo&amp;t=2m30s"">2:30</a>?"
525,uwSuPegXJuo,The_Unnamed,"<a href=""https://www.youtube.com/watch?v=uwSuPegXJuo&amp;t=4m57s"">4:57</a> that looks like a monster from bloodborne"
526,uwSuPegXJuo,Lucas,"<a href=""https://www.youtube.com/watch?v=uwSuPegXJuo&amp;t=4m55s"">4:55</a> I thought it was a tree"
527,uwSuPegXJuo,The FatC,want to see magic?<br><br><br><br>Read more
528,uwSuPegXJuo,Dominic Wei·haupt,More please
529,uwSuPegXJuo,emma,What&#39;s The Background Music In This Called?
530,uwSuPegXJuo,letitia mcclung,Donald chicken
531,uwSuPegXJuo,letitia mcclung,I&#39;m in subscribeing
532,uwSuPegXJuo,Connor O'Hare,"Omg, pewdiepie predicted Donald trump winning????"
533,uwSuPegXJuo,MEOW MEOW,Creepy game in the world
534,uwSuPegXJuo,Boi solo,Covid is almost over
535,uwSuPegXJuo,benzoliin,it&#39;s a generic minecraft
536,uwSuPegXJuo,Bellalina,He create memes and he taketh away memes
537,uwSuPegXJuo,KX•G V?ZZ,Why am i here in 2019????
538,uwSuPegXJuo,Kozimex Production,Hi Bro. This is great and fun. Love it so much.
539,uwSuPegXJuo,Carla X,I came because of Google plus
540,uwSuPegXJuo,anima099,He meme&#39;d Donald Trump before it was a thing.
541,uwSuPegXJuo,B Gfvg,Ahhh nightmares
542,uwSuPegXJuo,Aiyla Vayu,When his videos weren&#39;t 10 minutes long
543,uwSuPegXJuo,Azuraii,Last my dudde
544,uwSuPegXJuo,Youji,"Song at <a href=""https://www.youtube.com/watch?v=uwSuPegXJuo&amp;t=2m30s"">2:30</a>?"
545,uwSuPegXJuo,The_Unnamed,"<a href=""https://www.youtube.com/watch?v=uwSuPegXJuo&amp;t=4m57s"">4:57</a> that looks like a monster from bloodborne"
546,uwSuPegXJuo,Lucas,"<a href=""https://www.youtube.com/watch?v=uwSuPegXJuo&amp;t=4m55s"">4:55</a> I thought it was a tree"
547,uwSuPegXJuo,The FatC,want to see magic?<br><br><br><br>Read more
548,uwSuPegXJuo,Dominic Wei·haupt,More please
549,uwSuPegXJuo,emma,What&#39;s The Background Music In This Called?
550,uwSuPegXJuo,letitia mcclung,Donald chicken
551,uwSuPegXJuo,letitia mcclung,I&#39;m in subscribeing
552,uwSuPegXJuo,Connor O'Hare,"Omg, pewdiepie predicted Donald trump winning????"
553,uwSuPegXJuo,MEOW MEOW,Creepy game in the world
554,uwSuPegXJuo,Boi solo,Covid is almost over
555,uwSuPegXJuo,benzoliin,it&#39;s a generic minecraft
556,uwSuPegXJuo,Bellalina,He create memes and he taketh away memes
557,uwSuPegXJuo,KX•G V?ZZ,Why am i here in 2019????
558,uwSuPegXJuo,Kozimex Production,Hi Bro. This is great and fun. Love it so much.
559,uwSuPegXJuo,Carla X,I came because of Google plus
560,uwSuPegXJuo,anima099,He meme&#39;d Donald Trump before it was a thing.
561,uwSuPegXJuo,B Gfvg,Ahhh nightmares
562,uwSuPegXJuo,Aiyla Vayu,When his videos weren&#39;t 10 minutes long
563,uwSuPegXJuo,Azuraii,Last my dudde
564,uwSuPegXJuo,Youji,"Song at <a href=""https://www.youtube.com/watch?v=uwSuPegXJuo&amp;t=2m30s"">2:30</a>?"
565,uwSuPegXJuo,The_Unnamed,"<a href=""https://www.youtube.com/watch?v=uwSuPegXJuo&amp;t=4m57s"">4:57</a> that looks like a monster from bloodborne"
566,uwSuPegXJuo,Lucas,"<a href=""https://www.youtube.com/watch?v=uwSuPegXJuo&amp;t=4m55s"">4:55</a> I thought it was a tree"
567,uwSuPegXJuo,The FatC,want to see magic?<br><br><br><br>Read more
568,uwSuPegXJuo,Dominic Wei·haupt,More please
569,uwSuPegXJuo,emma,What&#39;s The Background Music In This Called?
570,uwSuPegXJuo,letitia mcclung,Donald chicken
571,uwSuPegXJuo,letitia mcclung,I&#39;m in subscribeing
572,uwSuPegXJuo,Connor O'Hare,"Omg, pewdiepie predicted Donald trump winning????"
573,uwSuPegXJuo,MEOW MEOW,Creepy game in the world
574,BhkBifP4aiQ,mia mae,Cant stop watching I LIKE DUCK SALTYYYY
575,BhkBifP4aiQ,Baka no Krow,Thats cool.
576,BhkBifP4aiQ,Harold Daniel,Best fanfiction ever 
577,BhkBifP4aiQ,wildanemone,Am I the only one who found this hilarious and freaky?
578,BhkBifP4aiQ,Sketchy Qubox,I just love the plot twists XD
579,BhkBifP4aiQ,Blake Messina,It&#39;s so much better with Cry reading it exactly as it was apparently written. Animation is 100%
580,BhkBifP4aiQ,Gang_bana,haha So funny Pewds :)
581,BhkBifP4aiQ,Maisyn,"Had a bad day today, this changed my mood instantly, thank you guys! &lt;3"
582,BhkBifP4aiQ,MYLEGOSTUFF,Hilarious! I was laughing my ass off! How come you don&#39;t do much videos with Cry much like you used too? I miss you guys doing games together.
583,BhkBifP4aiQ,Daynger,How is there no comments... I think the world broke
584,BhkBifP4aiQ,Mushy Moo,"no words, just laughter (hope i spelled that right) 030 fistbump pewds o(o-o)<del>o o</del>(030)o"
585,QPHXSIODfz0,Shen,Revisiting the classics once again ????
586,QPHXSIODfz0,Genesis Osuna,I miss this pewdiepie
587,QPHXSIODfz0,SC4 REACTOR,2013 PLANT
588,QPHXSIODfz0,StoneAF,"Pewds and his intros, &quot;Welcome back to parasoniac/ paranormal.&quot;"
589,QPHXSIODfz0,Yes yes,Day 21 of commenting on every single one of pewds videos. Video count:1073
590,QPHXSIODfz0,Michael Chandra,Whats the name of the song on the piano part ?
591,QPHXSIODfz0,The Harrerei,i scrolled through pewdiepies videos to find the earliest upload
592,QPHXSIODfz0,The Harrerei,i scrolled through pewdiepies videos to find the earlies upload
593,QPHXSIODfz0,brandon modesto,welcome to the last vid
594,QPHXSIODfz0,???,??? ???? ? ?? ?? ?? ??? ??
595,QPHXSIODfz0,hunter Marwan,2020  ???
596,QPHXSIODfz0,stupid,Hi im the future and im back to see the old video of pewdiepie say <br><br><br><br><br>HI
597,QPHXSIODfz0,Alexia,"<a href=""https://www.youtube.com/watch?v=QPHXSIODfz0&amp;t=0m16s"">0:16</a> his reaction after the burp is hilarious"
598,QPHXSIODfz0,James Cordero,Notice me senpai. ??
599,QPHXSIODfz0,El Nano :3,"I&#39;m watch this videos and see below the pewds merchandise and in mine minds think... this man never change, still relevant :3"
600,QPHXSIODfz0,imbel,Ima wear my headphones since this ep cuz its late at night and I don&#39;t wanna wake anybody up ;)
601,QPHXSIODfz0,Sabilaziz21,"that scream tho <a href=""https://www.youtube.com/watch?v=QPHXSIODfz0&amp;t=9m09s"">9:09</a>"
602,QPHXSIODfz0,Ethan Sami,The double back trick... i use jukes like that in dbd but 2019... anyone
603,QPHXSIODfz0,Flame Wolf girl,PewDiePie: Ah that was easy :D<br>Me: <b>wondering what happen next</b> Where is the monster?
604,QPHXSIODfz0,Shihouin,"<a href=""https://www.youtube.com/watch?v=QPHXSIODfz0&amp;t=5m53s"">5:53</a> selena mobile legends"
605,QPHXSIODfz0,Shen,Revisiting the classics once again ????
606,QPHXSIODfz0,Genesis Osuna,I miss this pewdiepie
607,QPHXSIODfz0,SC4 REACTOR,2013 PLANT
608,QPHXSIODfz0,StoneAF,"Pewds and his intros, &quot;Welcome back to parasoniac/ paranormal.&quot;"
609,QPHXSIODfz0,Yes yes,Day 21 of commenting on every single one of pewds videos. Video count:1073
610,QPHXSIODfz0,Michael Chandra,Whats the name of the song on the piano part ?
611,QPHXSIODfz0,The Harrerei,i scrolled through pewdiepies videos to find the earliest upload
612,QPHXSIODfz0,The Harrerei,i scrolled through pewdiepies videos to find the earlies upload
613,QPHXSIODfz0,brandon modesto,welcome to the last vid
614,QPHXSIODfz0,???,??? ???? ? ?? ?? ?? ??? ??
615,QPHXSIODfz0,hunter Marwan,2020  ???
616,QPHXSIODfz0,stupid,Hi im the future and im back to see the old video of pewdiepie say <br><br><br><br><br>HI
617,QPHXSIODfz0,Alexia,"<a href=""https://www.youtube.com/watch?v=QPHXSIODfz0&amp;t=0m16s"">0:16</a> his reaction after the burp is hilarious"
618,QPHXSIODfz0,James Cordero,Notice me senpai. ??
619,QPHXSIODfz0,El Nano :3,"I&#39;m watch this videos and see below the pewds merchandise and in mine minds think... this man never change, still relevant :3"
620,QPHXSIODfz0,imbel,Ima wear my headphones since this ep cuz its late at night and I don&#39;t wanna wake anybody up ;)
621,QPHXSIODfz0,Sabilaziz21,"that scream tho <a href=""https://www.youtube.com/watch?v=QPHXSIODfz0&amp;t=9m09s"">9:09</a>"
622,QPHXSIODfz0,Ethan Sami,The double back trick... i use jukes like that in dbd but 2019... anyone
623,QPHXSIODfz0,Flame Wolf girl,PewDiePie: Ah that was easy :D<br>Me: <b>wondering what happen next</b> Where is the monster?
624,QPHXSIODfz0,Shihouin,"<a href=""https://www.youtube.com/watch?v=QPHXSIODfz0&amp;t=5m53s"">5:53</a> selena mobile legends"
625,W4ZjbmTCP9E,Gasp,Been a while
626,W4ZjbmTCP9E,Akialia2u,This still makes me cry laugh
627,W4ZjbmTCP9E,Nejc Ferli?,hi
628,W4ZjbmTCP9E,Erin Pastorius,6 years later and this is still hilarious to watch??
629,W4ZjbmTCP9E,Hypnotic Skull,"<a href=""https://www.youtube.com/watch?v=W4ZjbmTCP9E&amp;t=0m00s"">0:00</a> when you don?t know how to talk to girls"
630,W4ZjbmTCP9E,Simon Nielsen,5
631,W4ZjbmTCP9E,Willy B,"<a href=""https://www.youtube.com/watch?v=W4ZjbmTCP9E&amp;t=11m08s"">11:08</a>"
632,W4ZjbmTCP9E,Willy B,"<a href=""https://www.youtube.com/watch?v=W4ZjbmTCP9E&amp;t=11m09s"">11:09</a>"
633,W4ZjbmTCP9E,Asgard Ninja,I miss old Pewdiepie
634,W4ZjbmTCP9E,Asgard Ninja,This game is so strange
635,W4ZjbmTCP9E,Iforgottoburrythebody,Before meme review
636,W4ZjbmTCP9E,Gaming_Grim_Reaper,He does not use a controller
637,W4ZjbmTCP9E,Hero-Simp,Dont tell me what to do! ??
638,W4ZjbmTCP9E,rhonn's vlogs and video,What the hell are you seing
639,W4ZjbmTCP9E,Dr. Bender,anyone in 2019
640,W4ZjbmTCP9E,Guppy,I?m watching this in 2019 and oh my I miss this
641,W4ZjbmTCP9E,Kaitlyn Winslow,"<a href=""https://www.youtube.com/watch?v=W4ZjbmTCP9E&amp;t=11m37s"">11:37</a> that made me laugh lol"
642,W4ZjbmTCP9E,DROP_DEAD_1989,"Laughed so hard at <a href=""https://www.youtube.com/watch?v=W4ZjbmTCP9E&amp;t=11m36s"">11:36</a> it was so slick he could hardly believe it ????????"
643,W4ZjbmTCP9E,Madison Perriton,Who is watching in 2018??
644,W4ZjbmTCP9E,Cheryl Purnell,"<a href=""https://www.youtube.com/watch?v=W4ZjbmTCP9E&amp;t=3m42s"">3:42</a><br><b>DON?T TELL ME WHAT TO DO!</b>"
645,W4ZjbmTCP9E,Gasp,Been a while
646,W4ZjbmTCP9E,Akialia2u,This still makes me cry laugh
647,W4ZjbmTCP9E,Nejc Ferli?,hi
648,W4ZjbmTCP9E,Erin Pastorius,6 years later and this is still hilarious to watch??
649,W4ZjbmTCP9E,Hypnotic Skull,"<a href=""https://www.youtube.com/watch?v=W4ZjbmTCP9E&amp;t=0m00s"">0:00</a> when you don?t know how to talk to girls"
650,W4ZjbmTCP9E,Simon Nielsen,5
651,W4ZjbmTCP9E,Willy B,"<a href=""https://www.youtube.com/watch?v=W4ZjbmTCP9E&amp;t=11m08s"">11:08</a>"
652,W4ZjbmTCP9E,Willy B,"<a href=""https://www.youtube.com/watch?v=W4ZjbmTCP9E&amp;t=11m09s"">11:09</a>"
653,W4ZjbmTCP9E,Asgard Ninja,I miss old Pewdiepie
654,W4ZjbmTCP9E,Asgard Ninja,This game is so strange
655,W4ZjbmTCP9E,Iforgottoburrythebody,Before meme review
656,W4ZjbmTCP9E,Gaming_Grim_Reaper,He does not use a controller
657,W4ZjbmTCP9E,Hero-Simp,Dont tell me what to do! ??
658,W4ZjbmTCP9E,rhonn's vlogs and video,What the hell are you seing
659,W4ZjbmTCP9E,Dr. Bender,anyone in 2019
660,W4ZjbmTCP9E,Guppy,I?m watching this in 2019 and oh my I miss this
661,W4ZjbmTCP9E,Kaitlyn Winslow,"<a href=""https://www.youtube.com/watch?v=W4ZjbmTCP9E&amp;t=11m37s"">11:37</a> that made me laugh lol"
662,W4ZjbmTCP9E,DROP_DEAD_1989,"Laughed so hard at <a href=""https://www.youtube.com/watch?v=W4ZjbmTCP9E&amp;t=11m36s"">11:36</a> it was so slick he could hardly believe it ????????"
663,W4ZjbmTCP9E,Madison Perriton,Who is watching in 2018??
664,W4ZjbmTCP9E,Cheryl Purnell,"<a href=""https://www.youtube.com/watch?v=W4ZjbmTCP9E&amp;t=3m42s"">3:42</a><br><b>DON?T TELL ME WHAT TO DO!</b>"
665,W4ZjbmTCP9E,Gasp,Been a while
666,W4ZjbmTCP9E,Akialia2u,This still makes me cry laugh
667,W4ZjbmTCP9E,Nejc Ferli?,hi
668,W4ZjbmTCP9E,Erin Pastorius,6 years later and this is still hilarious to watch??
669,W4ZjbmTCP9E,Hypnotic Skull,"<a href=""https://www.youtube.com/watch?v=W4ZjbmTCP9E&amp;t=0m00s"">0:00</a> when you don?t know how to talk to girls"
670,W4ZjbmTCP9E,Simon Nielsen,5
671,W4ZjbmTCP9E,Willy B,"<a href=""https://www.youtube.com/watch?v=W4ZjbmTCP9E&amp;t=11m08s"">11:08</a>"
672,W4ZjbmTCP9E,Willy B,"<a href=""https://www.youtube.com/watch?v=W4ZjbmTCP9E&amp;t=11m09s"">11:09</a>"
673,W4ZjbmTCP9E,Asgard Ninja,I miss old Pewdiepie
674,W4ZjbmTCP9E,Asgard Ninja,This game is so strange
675,W4ZjbmTCP9E,Iforgottoburrythebody,Before meme review
676,W4ZjbmTCP9E,Gaming_Grim_Reaper,He does not use a controller
677,W4ZjbmTCP9E,Hero-Simp,Dont tell me what to do! ??
678,W4ZjbmTCP9E,rhonn's vlogs and video,What the hell are you seing
679,W4ZjbmTCP9E,Dr. Bender,anyone in 2019
680,W4ZjbmTCP9E,Guppy,I?m watching this in 2019 and oh my I miss this
681,W4ZjbmTCP9E,Kaitlyn Winslow,"<a href=""https://www.youtube.com/watch?v=W4ZjbmTCP9E&amp;t=11m37s"">11:37</a> that made me laugh lol"
682,W4ZjbmTCP9E,DROP_DEAD_1989,"Laughed so hard at <a href=""https://www.youtube.com/watch?v=W4ZjbmTCP9E&amp;t=11m36s"">11:36</a> it was so slick he could hardly believe it ????????"
683,W4ZjbmTCP9E,Madison Perriton,Who is watching in 2018??
684,W4ZjbmTCP9E,Cheryl Purnell,"<a href=""https://www.youtube.com/watch?v=W4ZjbmTCP9E&amp;t=3m42s"">3:42</a><br><b>DON?T TELL ME WHAT TO DO!</b>"
685,YSAFr7by81U,SleepySabi,Rewatching in 2023 ????
686,YSAFr7by81U,Laki2Mempuni,i miss it
687,YSAFr7by81U,M Balazs,"<a href=""https://www.youtube.com/watch?v=YSAFr7by81U&amp;t=21m00s"">21:00</a> the new level of quality gaming"
688,YSAFr7by81U,Leia,"What happened to part 4?  and there is another 1 episode missing, dont remember the number.  missing episodes messes up the whole experience"
689,YSAFr7by81U,Maria K,2022 Still love watching your playthroughs bro
690,YSAFr7by81U,Krisinatorr,The good old days ??
691,YSAFr7by81U,marlyy k,2022????
692,YSAFr7by81U,Amy Waters,Wow this gives me stranger thing vibes
693,YSAFr7by81U,Haley Bennett,This is literally stranger things
694,YSAFr7by81U,Maximus Brights,"<a href=""https://www.youtube.com/watch?v=YSAFr7by81U&amp;t=12m05s"">12:05</a> ???? edgar being helpful??"
695,YSAFr7by81U,crystal the temperancexp ?,"<a href=""https://www.youtube.com/watch?v=YSAFr7by81U&amp;t=5m08s"">5:08</a> I forgot about that song ??"
696,YSAFr7by81U,BENJAMIN V.,2022?
697,YSAFr7by81U,IGRETRO VODs,"I agree, it?s really stupid she didn?t took the camera guy out"
698,YSAFr7by81U,IGRETRO VODs,I would take money from atm any day
699,YSAFr7by81U,IGRETRO VODs,"<a href=""https://www.youtube.com/watch?v=YSAFr7by81U&amp;t=10m15s"">10:15</a> wait, so you see them as a couple? That?s not how I see it, she is more like a child, not a woman in my eyes, at least."
700,YSAFr7by81U,neo bodan naega deo keo,Camera guy is always safe :)
701,YSAFr7by81U,Lexi Sauve,Hi
702,YSAFr7by81U,justin purvis,WHY IS THE LAST VID PRIVATE
703,YSAFr7by81U,Jack Miles,"She should go to Haddonfield, if she goes to the right house she&#39;ll get a sandwich with the option of mayonnaise and mustard"
704,YSAFr7by81U,Jack Miles,"Idk what it is but when it comes to these types of games, like this, Heavy Rain and Until Dawn, Pewds seems to be able to make little predictions about the story that turn out right quite a lot"
705,YSAFr7by81U,SleepySabi,Rewatching in 2023 ????
706,YSAFr7by81U,Laki2Mempuni,i miss it
707,YSAFr7by81U,M Balazs,"<a href=""https://www.youtube.com/watch?v=YSAFr7by81U&amp;t=21m00s"">21:00</a> the new level of quality gaming"
708,YSAFr7by81U,Leia,"What happened to part 4?  and there is another 1 episode missing, dont remember the number.  missing episodes messes up the whole experience"
709,YSAFr7by81U,Maria K,2022 Still love watching your playthroughs bro
710,YSAFr7by81U,Krisinatorr,The good old days ??
711,YSAFr7by81U,marlyy k,2022????
712,YSAFr7by81U,Amy Waters,Wow this gives me stranger thing vibes
713,YSAFr7by81U,Haley Bennett,This is literally stranger things
714,YSAFr7by81U,Maximus Brights,"<a href=""https://www.youtube.com/watch?v=YSAFr7by81U&amp;t=12m05s"">12:05</a> ???? edgar being helpful??"
715,YSAFr7by81U,crystal the temperancexp ?,"<a href=""https://www.youtube.com/watch?v=YSAFr7by81U&amp;t=5m08s"">5:08</a> I forgot about that song ??"
716,YSAFr7by81U,BENJAMIN V.,2022?
717,YSAFr7by81U,IGRETRO VODs,"I agree, it?s really stupid she didn?t took the camera guy out"
718,YSAFr7by81U,IGRETRO VODs,I would take money from atm any day
719,YSAFr7by81U,IGRETRO VODs,"<a href=""https://www.youtube.com/watch?v=YSAFr7by81U&amp;t=10m15s"">10:15</a> wait, so you see them as a couple? That?s not how I see it, she is more like a child, not a woman in my eyes, at least."
720,YSAFr7by81U,neo bodan naega deo keo,Camera guy is always safe :)
721,YSAFr7by81U,Lexi Sauve,Hi
722,YSAFr7by81U,justin purvis,WHY IS THE LAST VID PRIVATE
723,YSAFr7by81U,Jack Miles,"She should go to Haddonfield, if she goes to the right house she&#39;ll get a sandwich with the option of mayonnaise and mustard"
724,YSAFr7by81U,Jack Miles,"Idk what it is but when it comes to these types of games, like this, Heavy Rain and Until Dawn, Pewds seems to be able to make little predictions about the story that turn out right quite a lot"
725,YSAFr7by81U,SleepySabi,Rewatching in 2023 ????
726,YSAFr7by81U,Laki2Mempuni,i miss it
727,YSAFr7by81U,M Balazs,"<a href=""https://www.youtube.com/watch?v=YSAFr7by81U&amp;t=21m00s"">21:00</a> the new level of quality gaming"
728,YSAFr7by81U,Leia,"What happened to part 4?  and there is another 1 episode missing, dont remember the number.  missing episodes messes up the whole experience"
729,YSAFr7by81U,Maria K,2022 Still love watching your playthroughs bro
730,YSAFr7by81U,Krisinatorr,The good old days ??
731,YSAFr7by81U,marlyy k,2022????
732,YSAFr7by81U,Amy Waters,Wow this gives me stranger thing vibes
733,YSAFr7by81U,Haley Bennett,This is literally stranger things
734,YSAFr7by81U,Maximus Brights,"<a href=""https://www.youtube.com/watch?v=YSAFr7by81U&amp;t=12m05s"">12:05</a> ???? edgar being helpful??"
735,YSAFr7by81U,crystal the temperancexp ?,"<a href=""https://www.youtube.com/watch?v=YSAFr7by81U&amp;t=5m08s"">5:08</a> I forgot about that song ??"
736,YSAFr7by81U,BENJAMIN V.,2022?
737,YSAFr7by81U,IGRETRO VODs,"I agree, it?s really stupid she didn?t took the camera guy out"
738,YSAFr7by81U,IGRETRO VODs,I would take money from atm any day
739,YSAFr7by81U,IGRETRO VODs,"<a href=""https://www.youtube.com/watch?v=YSAFr7by81U&amp;t=10m15s"">10:15</a> wait, so you see them as a couple? That?s not how I see it, she is more like a child, not a woman in my eyes, at least."
740,YSAFr7by81U,neo bodan naega deo keo,Camera guy is always safe :)
741,YSAFr7by81U,Lexi Sauve,Hi
742,YSAFr7by81U,justin purvis,WHY IS THE LAST VID PRIVATE
743,YSAFr7by81U,Jack Miles,"She should go to Haddonfield, if she goes to the right house she&#39;ll get a sandwich with the option of mayonnaise and mustard"
744,YSAFr7by81U,Jack Miles,"Idk what it is but when it comes to these types of games, like this, Heavy Rain and Until Dawn, Pewds seems to be able to make little predictions about the story that turn out right quite a lot"
745,YSAFr7by81U,SleepySabi,Rewatching in 2023 ????
746,YSAFr7by81U,Laki2Mempuni,i miss it
747,YSAFr7by81U,M Balazs,"<a href=""https://www.youtube.com/watch?v=YSAFr7by81U&amp;t=21m00s"">21:00</a> the new level of quality gaming"
748,YSAFr7by81U,Leia,"What happened to part 4?  and there is another 1 episode missing, dont remember the number.  missing episodes messes up the whole experience"
749,YSAFr7by81U,Maria K,2022 Still love watching your playthroughs bro
750,YSAFr7by81U,Krisinatorr,The good old days ??
751,YSAFr7by81U,marlyy k,2022????
752,YSAFr7by81U,Amy Waters,Wow this gives me stranger thing vibes
753,YSAFr7by81U,Haley Bennett,This is literally stranger things
754,YSAFr7by81U,Maximus Brights,"<a href=""https://www.youtube.com/watch?v=YSAFr7by81U&amp;t=12m05s"">12:05</a> ???? edgar being helpful??"
755,YSAFr7by81U,crystal the temperancexp ?,"<a href=""https://www.youtube.com/watch?v=YSAFr7by81U&amp;t=5m08s"">5:08</a> I forgot about that song ??"
756,YSAFr7by81U,BENJAMIN V.,2022?
757,YSAFr7by81U,IGRETRO VODs,"I agree, it?s really stupid she didn?t took the camera guy out"
758,YSAFr7by81U,IGRETRO VODs,I would take money from atm any day
759,YSAFr7by81U,IGRETRO VODs,"<a href=""https://www.youtube.com/watch?v=YSAFr7by81U&amp;t=10m15s"">10:15</a> wait, so you see them as a couple? That?s not how I see it, she is more like a child, not a woman in my eyes, at least."
760,YSAFr7by81U,neo bodan naega deo keo,Camera guy is always safe :)
761,YSAFr7by81U,Lexi Sauve,Hi
762,YSAFr7by81U,justin purvis,WHY IS THE LAST VID PRIVATE
763,YSAFr7by81U,Jack Miles,"She should go to Haddonfield, if she goes to the right house she&#39;ll get a sandwich with the option of mayonnaise and mustard"
764,YSAFr7by81U,Jack Miles,"Idk what it is but when it comes to these types of games, like this, Heavy Rain and Until Dawn, Pewds seems to be able to make little predictions about the story that turn out right quite a lot"
765,uwSuPegXJuo,Boi solo,Covid is almost over
766,uwSuPegXJuo,benzoliin,it&#39;s a generic minecraft
767,uwSuPegXJuo,Bellalina,He create memes and he taketh away memes
768,uwSuPegXJuo,KX•G V?ZZ,Why am i here in 2019????
769,uwSuPegXJuo,Kozimex Production,Hi Bro. This is great and fun. Love it so much.
770,uwSuPegXJuo,Carla X,I came because of Google plus
771,uwSuPegXJuo,anima099,He meme&#39;d Donald Trump before it was a thing.
772,uwSuPegXJuo,B Gfvg,Ahhh nightmares
773,uwSuPegXJuo,Aiyla Vayu,When his videos weren&#39;t 10 minutes long
774,uwSuPegXJuo,Azuraii,Last my dudde
775,uwSuPegXJuo,Youji,"Song at <a href=""https://www.youtube.com/watch?v=uwSuPegXJuo&amp;t=2m30s"">2:30</a>?"
776,uwSuPegXJuo,The_Unnamed,"<a href=""https://www.youtube.com/watch?v=uwSuPegXJuo&amp;t=4m57s"">4:57</a> that looks like a monster from bloodborne"
777,uwSuPegXJuo,Lucas,"<a href=""https://www.youtube.com/watch?v=uwSuPegXJuo&amp;t=4m55s"">4:55</a> I thought it was a tree"
778,uwSuPegXJuo,The FatC,want to see magic?<br><br><br><br>Read more
779,uwSuPegXJuo,Dominic Wei·haupt,More please
780,uwSuPegXJuo,emma,What&#39;s The Background Music In This Called?
781,uwSuPegXJuo,letitia mcclung,Donald chicken
782,uwSuPegXJuo,letitia mcclung,I&#39;m in subscribeing
783,uwSuPegXJuo,Connor O'Hare,"Omg, pewdiepie predicted Donald trump winning????"
784,uwSuPegXJuo,MEOW MEOW,Creepy game in the world
785,uwSuPegXJuo,Boi solo,Covid is almost over
786,uwSuPegXJuo,benzoliin,it&#39;s a generic minecraft
787,uwSuPegXJuo,Bellalina,He create memes and he taketh away memes
788,uwSuPegXJuo,KX•G V?ZZ,Why am i here in 2019????
789,uwSuPegXJuo,Kozimex Production,Hi Bro. This is great and fun. Love it so much.
790,uwSuPegXJuo,Carla X,I came because of Google plus
791,uwSuPegXJuo,anima099,He meme&#39;d Donald Trump before it was a thing.
792,uwSuPegXJuo,B Gfvg,Ahhh nightmares
793,uwSuPegXJuo,Aiyla Vayu,When his videos weren&#39;t 10 minutes long
794,uwSuPegXJuo,Azuraii,Last my dudde
795,uwSuPegXJuo,Youji,"Song at <a href=""https://www.youtube.com/watch?v=uwSuPegXJuo&amp;t=2m30s"">2:30</a>?"
796,uwSuPegXJuo,The_Unnamed,"<a href=""https://www.youtube.com/watch?v=uwSuPegXJuo&amp;t=4m57s"">4:57</a> that looks like a monster from bloodborne"
797,uwSuPegXJuo,Lucas,"<a href=""https://www.youtube.com/watch?v=uwSuPegXJuo&amp;t=4m55s"">4:55</a> I thought it was a tree"
798,uwSuPegXJuo,The FatC,want to see magic?<br><br><br><br>Read more
799,uwSuPegXJuo,Dominic Wei·haupt,More please
800,uwSuPegXJuo,emma,What&#39;s The Background Music In This Called?
801,uwSuPegXJuo,letitia mcclung,Donald chicken
802,uwSuPegXJuo,letitia mcclung,I&#39;m in subscribeing
803,uwSuPegXJuo,Connor O'Hare,"Omg, pewdiepie predicted Donald trump winning????"
804,uwSuPegXJuo,MEOW MEOW,Creepy game in the world
805,uwSuPegXJuo,Boi solo,Covid is almost over
806,uwSuPegXJuo,benzoliin,it&#39;s a generic minecraft
807,uwSuPegXJuo,Bellalina,He create memes and he taketh away memes
808,uwSuPegXJuo,KX•G V?ZZ,Why am i here in 2019????
809,uwSuPegXJuo,Kozimex Production,Hi Bro. This is great and fun. Love it so much.
810,uwSuPegXJuo,Carla X,I came because of Google plus
811,uwSuPegXJuo,anima099,He meme&#39;d Donald Trump before it was a thing.
812,uwSuPegXJuo,B Gfvg,Ahhh nightmares
813,uwSuPegXJuo,Aiyla Vayu,When his videos weren&#39;t 10 minutes long
814,uwSuPegXJuo,Azuraii,Last my dudde
815,uwSuPegXJuo,Youji,"Song at <a href=""https://www.youtube.com/watch?v=uwSuPegXJuo&amp;t=2m30s"">2:30</a>?"
816,uwSuPegXJuo,The_Unnamed,"<a href=""https://www.youtube.com/watch?v=uwSuPegXJuo&amp;t=4m57s"">4:57</a> that looks like a monster from bloodborne"
817,uwSuPegXJuo,Lucas,"<a href=""https://www.youtube.com/watch?v=uwSuPegXJuo&amp;t=4m55s"">4:55</a> I thought it was a tree"
818,uwSuPegXJuo,The FatC,want to see magic?<br><br><br><br>Read more
819,uwSuPegXJuo,Dominic Wei·haupt,More please
820,uwSuPegXJuo,emma,What&#39;s The Background Music In This Called?
821,uwSuPegXJuo,letitia mcclung,Donald chicken
822,uwSuPegXJuo,letitia mcclung,I&#39;m in subscribeing
823,uwSuPegXJuo,Connor O'Hare,"Omg, pewdiepie predicted Donald trump winning????"
824,uwSuPegXJuo,MEOW MEOW,Creepy game in the world
825,uwSuPegXJuo,Boi solo,Covid is almost over
826,uwSuPegXJuo,benzoliin,it&#39;s a generic minecraft
827,uwSuPegXJuo,Bellalina,He create memes and he taketh away memes
828,uwSuPegXJuo,KX•G V?ZZ,Why am i here in 2019????
829,uwSuPegXJuo,Kozimex Production,Hi Bro. This is great and fun. Love it so much.
830,uwSuPegXJuo,Carla X,I came because of Google plus
831,uwSuPegXJuo,anima099,He meme&#39;d Donald Trump before it was a thing.
832,uwSuPegXJuo,B Gfvg,Ahhh nightmares
833,uwSuPegXJuo,Aiyla Vayu,When his videos weren&#39;t 10 minutes long
834,uwSuPegXJuo,Azuraii,Last my dudde
835,uwSuPegXJuo,Youji,"Song at <a href=""https://www.youtube.com/watch?v=uwSuPegXJuo&amp;t=2m30s"">2:30</a>?"
836,uwSuPegXJuo,The_Unnamed,"<a href=""https://www.youtube.com/watch?v=uwSuPegXJuo&amp;t=4m57s"">4:57</a> that looks like a monster from bloodborne"
837,uwSuPegXJuo,Lucas,"<a href=""https://www.youtube.com/watch?v=uwSuPegXJuo&amp;t=4m55s"">4:55</a> I thought it was a tree"
838,uwSuPegXJuo,The FatC,want to see magic?<br><br><br><br>Read more
839,uwSuPegXJuo,Dominic Wei·haupt,More please
840,uwSuPegXJuo,emma,What&#39;s The Background Music In This Called?
841,uwSuPegXJuo,letitia mcclung,Donald chicken
842,uwSuPegXJuo,letitia mcclung,I&#39;m in subscribeing
843,uwSuPegXJuo,Connor O'Hare,"Omg, pewdiepie predicted Donald trump winning????"
844,uwSuPegXJuo,MEOW MEOW,Creepy game in the world
845,uwSuPegXJuo,Boi solo,Covid is almost over
846,uwSuPegXJuo,benzoliin,it&#39;s a generic minecraft
847,uwSuPegXJuo,Bellalina,He create memes and he taketh away memes
848,uwSuPegXJuo,KX•G V?ZZ,Why am i here in 2019????
849,uwSuPegXJuo,Kozimex Production,Hi Bro. This is great and fun. Love it so much.
850,uwSuPegXJuo,Carla X,I came because of Google plus
851,uwSuPegXJuo,anima099,He meme&#39;d Donald Trump before it was a thing.
852,uwSuPegXJuo,B Gfvg,Ahhh nightmares
853,uwSuPegXJuo,Aiyla Vayu,When his videos weren&#39;t 10 minutes long
854,uwSuPegXJuo,Azuraii,Last my dudde
855,uwSuPegXJuo,Youji,"Song at <a href=""https://www.youtube.com/watch?v=uwSuPegXJuo&amp;t=2m30s"">2:30</a>?"
856,uwSuPegXJuo,The_Unnamed,"<a href=""https://www.youtube.com/watch?v=uwSuPegXJuo&amp;t=4m57s"">4:57</a> that looks like a monster from bloodborne"
857,uwSuPegXJuo,Lucas,"<a href=""https://www.youtube.com/watch?v=uwSuPegXJuo&amp;t=4m55s"">4:55</a> I thought it was a tree"
858,uwSuPegXJuo,The FatC,want to see magic?<br><br><br><br>Read more
859,uwSuPegXJuo,Dominic Wei·haupt,More please
860,uwSuPegXJuo,emma,What&#39;s The Background Music In This Called?
861,uwSuPegXJuo,letitia mcclung,Donald chicken
862,uwSuPegXJuo,letitia mcclung,I&#39;m in subscribeing
863,uwSuPegXJuo,Connor O'Hare,"Omg, pewdiepie predicted Donald trump winning????"
864,uwSuPegXJuo,MEOW MEOW,Creepy game in the world
865,hZg4-AtRVHQ,Swagymicswagger,"<a href=""https://www.youtube.com/watch?v=hZg4-AtRVHQ&amp;t=0m14s"">0:14</a> LOL"
866,hZg4-AtRVHQ,ISK2NDER,We love ANIME!!!
867,hZg4-AtRVHQ,kechupmanofficial,"i dont care if you watch anime, just dont watch caillou"
868,hZg4-AtRVHQ,Ninjakimm,One of rare underated PewDiePie animations .
869,hZg4-AtRVHQ,Joshua RomanCe,&quot;Everything by Jae55555&quot; <br><br>He did pretty well acting out the voices
870,hZg4-AtRVHQ,RAMESH SINGH CHAUTALA,i am a pretty shy guy loll
871,hZg4-AtRVHQ,Dark Crow,Who else is here is 2020 and is like ?????? ??
872,hZg4-AtRVHQ,jayden wilsher,Ain&#39;t wincest a supernatural ship lmao?
873,hZg4-AtRVHQ,toast,<b>sven and deep flashbacks</b>
874,hZg4-AtRVHQ,Emyly's Corner,I thought he was gonna say NI-
875,hZg4-AtRVHQ,Inkaloo,"<a href=""https://www.youtube.com/watch?v=hZg4-AtRVHQ&amp;t=0m11s"">0:11</a> <b>Wheeze Cough</b>"
876,hZg4-AtRVHQ,Rikitiki Baranara,First
877,hZg4-AtRVHQ,Sebu,Don&#39;t Say It...| In Brains FUC* ALL OF YOU I LOVE ANIME
878,hZg4-AtRVHQ,??c Hu?nh,We are pewpiepu(bu?) :v
879,hZg4-AtRVHQ,Dead,Wth?
880,hZg4-AtRVHQ,yon,"<b><a href=""https://www.youtube.com/watch?v=hZg4-AtRVHQ&amp;t=0m22s"">0:22</a></b><b> wHy tHerE iS jîErgen?</b>"
881,hZg4-AtRVHQ,Adam,Wtf???????
882,hZg4-AtRVHQ,no thing,Koniáiva
883,hZg4-AtRVHQ,Dhfhh Gughj,??????
884,hZg4-AtRVHQ,Steven Angelo Collini,dead
885,BhkBifP4aiQ,mia mae,Cant stop watching I LIKE DUCK SALTYYYY
886,BhkBifP4aiQ,Baka no Krow,Thats cool.
887,BhkBifP4aiQ,Harold Daniel,Best fanfiction ever 
888,BhkBifP4aiQ,wildanemone,Am I the only one who found this hilarious and freaky?
889,BhkBifP4aiQ,Sketchy Qubox,I just love the plot twists XD
890,BhkBifP4aiQ,Blake Messina,It&#39;s so much better with Cry reading it exactly as it was apparently written. Animation is 100%
891,BhkBifP4aiQ,Gang_bana,haha So funny Pewds :)
892,BhkBifP4aiQ,Maisyn,"Had a bad day today, this changed my mood instantly, thank you guys! &lt;3"
893,BhkBifP4aiQ,MYLEGOSTUFF,Hilarious! I was laughing my ass off! How come you don&#39;t do much videos with Cry much like you used too? I miss you guys doing games together.
894,BhkBifP4aiQ,Daynger,How is there no comments... I think the world broke
895,BhkBifP4aiQ,Mushy Moo,"no words, just laughter (hope i spelled that right) 030 fistbump pewds o(o-o)<del>o o</del>(030)o"
896,BhkBifP4aiQ,mia mae,Cant stop watching I LIKE DUCK SALTYYYY
897,BhkBifP4aiQ,Baka no Krow,Thats cool.
898,BhkBifP4aiQ,Harold Daniel,Best fanfiction ever 
899,BhkBifP4aiQ,wildanemone,Am I the only one who found this hilarious and freaky?
900,BhkBifP4aiQ,Sketchy Qubox,I just love the plot twists XD
901,BhkBifP4aiQ,Blake Messina,It&#39;s so much better with Cry reading it exactly as it was apparently written. Animation is 100%
902,BhkBifP4aiQ,Gang_bana,haha So funny Pewds :)
903,BhkBifP4aiQ,Maisyn,"Had a bad day today, this changed my mood instantly, thank you guys! &lt;3"
904,BhkBifP4aiQ,MYLEGOSTUFF,Hilarious! I was laughing my ass off! How come you don&#39;t do much videos with Cry much like you used too? I miss you guys doing games together.
905,BhkBifP4aiQ,Daynger,How is there no comments... I think the world broke
906,BhkBifP4aiQ,Mushy Moo,"no words, just laughter (hope i spelled that right) 030 fistbump pewds o(o-o)<del>o o</del>(030)o"
907,YSAFr7by81U,SleepySabi,Rewatching in 2023 ????
908,YSAFr7by81U,Laki2Mempuni,i miss it
909,YSAFr7by81U,M Balazs,"<a href=""https://www.youtube.com/watch?v=YSAFr7by81U&amp;t=21m00s"">21:00</a> the new level of quality gaming"
910,YSAFr7by81U,Leia,"What happened to part 4?  and there is another 1 episode missing, dont remember the number.  missing episodes messes up the whole experience"
911,YSAFr7by81U,Maria K,2022 Still love watching your playthroughs bro
912,YSAFr7by81U,Krisinatorr,The good old days ??
913,YSAFr7by81U,marlyy k,2022????
914,YSAFr7by81U,Amy Waters,Wow this gives me stranger thing vibes
915,YSAFr7by81U,Haley Bennett,This is literally stranger things
916,YSAFr7by81U,Maximus Brights,"<a href=""https://www.youtube.com/watch?v=YSAFr7by81U&amp;t=12m05s"">12:05</a> ???? edgar being helpful??"
917,YSAFr7by81U,crystal the temperancexp ?,"<a href=""https://www.youtube.com/watch?v=YSAFr7by81U&amp;t=5m08s"">5:08</a> I forgot about that song ??"
918,YSAFr7by81U,BENJAMIN V.,2022?
919,YSAFr7by81U,IGRETRO VODs,"I agree, it?s really stupid she didn?t took the camera guy out"
920,YSAFr7by81U,IGRETRO VODs,I would take money from atm any day
921,YSAFr7by81U,IGRETRO VODs,"<a href=""https://www.youtube.com/watch?v=YSAFr7by81U&amp;t=10m15s"">10:15</a> wait, so you see them as a couple? That?s not how I see it, she is more like a child, not a woman in my eyes, at least."
922,YSAFr7by81U,neo bodan naega deo keo,Camera guy is always safe :)
923,YSAFr7by81U,Lexi Sauve,Hi
924,YSAFr7by81U,justin purvis,WHY IS THE LAST VID PRIVATE
925,YSAFr7by81U,Jack Miles,"She should go to Haddonfield, if she goes to the right house she&#39;ll get a sandwich with the option of mayonnaise and mustard"
926,YSAFr7by81U,Jack Miles,"Idk what it is but when it comes to these types of games, like this, Heavy Rain and Until Dawn, Pewds seems to be able to make little predictions about the story that turn out right quite a lot"
927,YSAFr7by81U,SleepySabi,Rewatching in 2023 ????
928,YSAFr7by81U,Laki2Mempuni,i miss it
929,YSAFr7by81U,M Balazs,"<a href=""https://www.youtube.com/watch?v=YSAFr7by81U&amp;t=21m00s"">21:00</a> the new level of quality gaming"
930,YSAFr7by81U,Leia,"What happened to part 4?  and there is another 1 episode missing, dont remember the number.  missing episodes messes up the whole experience"
931,YSAFr7by81U,Maria K,2022 Still love watching your playthroughs bro
932,YSAFr7by81U,Krisinatorr,The good old days ??
933,YSAFr7by81U,marlyy k,2022????
934,YSAFr7by81U,Amy Waters,Wow this gives me stranger thing vibes
935,YSAFr7by81U,Haley Bennett,This is literally stranger things
936,YSAFr7by81U,Maximus Brights,"<a href=""https://www.youtube.com/watch?v=YSAFr7by81U&amp;t=12m05s"">12:05</a> ???? edgar being helpful??"
937,YSAFr7by81U,crystal the temperancexp ?,"<a href=""https://www.youtube.com/watch?v=YSAFr7by81U&amp;t=5m08s"">5:08</a> I forgot about that song ??"
938,YSAFr7by81U,BENJAMIN V.,2022?
939,YSAFr7by81U,IGRETRO VODs,"I agree, it?s really stupid she didn?t took the camera guy out"
940,YSAFr7by81U,IGRETRO VODs,I would take money from atm any day
941,YSAFr7by81U,IGRETRO VODs,"<a href=""https://www.youtube.com/watch?v=YSAFr7by81U&amp;t=10m15s"">10:15</a> wait, so you see them as a couple? That?s not how I see it, she is more like a child, not a woman in my eyes, at least."
942,YSAFr7by81U,neo bodan naega deo keo,Camera guy is always safe :)
943,YSAFr7by81U,Lexi Sauve,Hi
944,YSAFr7by81U,justin purvis,WHY IS THE LAST VID PRIVATE
945,YSAFr7by81U,Jack Miles,"She should go to Haddonfield, if she goes to the right house she&#39;ll get a sandwich with the option of mayonnaise and mustard"
946,YSAFr7by81U,Jack Miles,"Idk what it is but when it comes to these types of games, like this, Heavy Rain and Until Dawn, Pewds seems to be able to make little predictions about the story that turn out right quite a lot"
947,YSAFr7by81U,SleepySabi,Rewatching in 2023 ????
948,YSAFr7by81U,Laki2Mempuni,i miss it
949,YSAFr7by81U,M Balazs,"<a href=""https://www.youtube.com/watch?v=YSAFr7by81U&amp;t=21m00s"">21:00</a> the new level of quality gaming"
950,YSAFr7by81U,Leia,"What happened to part 4?  and there is another 1 episode missing, dont remember the number.  missing episodes messes up the whole experience"
951,YSAFr7by81U,Maria K,2022 Still love watching your playthroughs bro
952,YSAFr7by81U,Krisinatorr,The good old days ??
953,YSAFr7by81U,marlyy k,2022????
954,YSAFr7by81U,Amy Waters,Wow this gives me stranger thing vibes
955,YSAFr7by81U,Haley Bennett,This is literally stranger things
956,YSAFr7by81U,Maximus Brights,"<a href=""https://www.youtube.com/watch?v=YSAFr7by81U&amp;t=12m05s"">12:05</a> ???? edgar being helpful??"
957,YSAFr7by81U,crystal the temperancexp ?,"<a href=""https://www.youtube.com/watch?v=YSAFr7by81U&amp;t=5m08s"">5:08</a> I forgot about that song ??"
958,YSAFr7by81U,BENJAMIN V.,2022?
959,YSAFr7by81U,IGRETRO VODs,"I agree, it?s really stupid she didn?t took the camera guy out"
960,YSAFr7by81U,IGRETRO VODs,I would take money from atm any day
961,YSAFr7by81U,IGRETRO VODs,"<a href=""https://www.youtube.com/watch?v=YSAFr7by81U&amp;t=10m15s"">10:15</a> wait, so you see them as a couple? That?s not how I see it, she is more like a child, not a woman in my eyes, at least."
962,YSAFr7by81U,neo bodan naega deo keo,Camera guy is always safe :)
963,YSAFr7by81U,Lexi Sauve,Hi
964,YSAFr7by81U,justin purvis,WHY IS THE LAST VID PRIVATE
965,YSAFr7by81U,Jack Miles,"She should go to Haddonfield, if she goes to the right house she&#39;ll get a sandwich with the option of mayonnaise and mustard"
966,YSAFr7by81U,Jack Miles,"Idk what it is but when it comes to these types of games, like this, Heavy Rain and Until Dawn, Pewds seems to be able to make little predictions about the story that turn out right quite a lot"
967,PT5qFiBr7Rk,Cola coco,This is basically The Forest but with Kawaii Sharks instead of naked Villagers
968,PT5qFiBr7Rk,Burnie Boy,ADHD Shark!!!
969,PT5qFiBr7Rk,Selena,SHANON!!! Mr CRAB!!<br>I love you so much Pewds you always make my day when I&#39;m down or stressed!! <br>Keep up the amazing and hilarious videos ??????<br>Brofist??<br><br>Selena
970,PT5qFiBr7Rk,Ivy Hanf,Poods you&#39;re my hero I love you Brofist ??
971,PT5qFiBr7Rk,mir,shannon is so majestic and amazing
972,PT5qFiBr7Rk,Natalia K.,"Poods, you are really into that gaming. You&#39;re doing a great job. :)<br>Brofist from DEUTSCHLAND ????"
973,PT5qFiBr7Rk,bebe east,love the vid poods! as always 
974,PT5qFiBr7Rk,ClÇment Couadou,"Pewds, do you think Harry is hairy?"
975,PT5qFiBr7Rk,Cola coco,This is basically The Forest but with Kawaii Sharks instead of naked Villagers
976,PT5qFiBr7Rk,Burnie Boy,ADHD Shark!!!
977,PT5qFiBr7Rk,Selena,SHANON!!! Mr CRAB!!<br>I love you so much Pewds you always make my day when I&#39;m down or stressed!! <br>Keep up the amazing and hilarious videos ??????<br>Brofist??<br><br>Selena
978,PT5qFiBr7Rk,Ivy Hanf,Poods you&#39;re my hero I love you Brofist ??
979,PT5qFiBr7Rk,mir,shannon is so majestic and amazing
980,PT5qFiBr7Rk,Natalia K.,"Poods, you are really into that gaming. You&#39;re doing a great job. :)<br>Brofist from DEUTSCHLAND ????"
981,PT5qFiBr7Rk,bebe east,love the vid poods! as always 
982,PT5qFiBr7Rk,ClÇment Couadou,"Pewds, do you think Harry is hairy?"
983,PT5qFiBr7Rk,Cola coco,This is basically The Forest but with Kawaii Sharks instead of naked Villagers
984,PT5qFiBr7Rk,Burnie Boy,ADHD Shark!!!
985,PT5qFiBr7Rk,Selena,SHANON!!! Mr CRAB!!<br>I love you so much Pewds you always make my day when I&#39;m down or stressed!! <br>Keep up the amazing and hilarious videos ??????<br>Brofist??<br><br>Selena
986,PT5qFiBr7Rk,Ivy Hanf,Poods you&#39;re my hero I love you Brofist ??
987,PT5qFiBr7Rk,mir,shannon is so majestic and amazing
988,PT5qFiBr7Rk,Natalia K.,"Poods, you are really into that gaming. You&#39;re doing a great job. :)<br>Brofist from DEUTSCHLAND ????"
989,PT5qFiBr7Rk,bebe east,love the vid poods! as always 
990,PT5qFiBr7Rk,ClÇment Couadou,"Pewds, do you think Harry is hairy?"
991,PT5qFiBr7Rk,Cola coco,This is basically The Forest but with Kawaii Sharks instead of naked Villagers
992,PT5qFiBr7Rk,Burnie Boy,ADHD Shark!!!
993,PT5qFiBr7Rk,Selena,SHANON!!! Mr CRAB!!<br>I love you so much Pewds you always make my day when I&#39;m down or stressed!! <br>Keep up the amazing and hilarious videos ??????<br>Brofist??<br><br>Selena
994,PT5qFiBr7Rk,Ivy Hanf,Poods you&#39;re my hero I love you Brofist ??
995,PT5qFiBr7Rk,mir,shannon is so majestic and amazing
996,PT5qFiBr7Rk,Natalia K.,"Poods, you are really into that gaming. You&#39;re doing a great job. :)<br>Brofist from DEUTSCHLAND ????"
997,PT5qFiBr7Rk,bebe east,love the vid poods! as always 
998,PT5qFiBr7Rk,ClÇment Couadou,"Pewds, do you think Harry is hairy?"
999,sGN2oYYV3xg,Rashidi Pakri,nailed it
1000,sGN2oYYV3xg,PewDiePie,"<a href=""https://broarmy.net/index.php/Thread/32643-BEST-BIKE-GAME-EVER-BikePark/"">https://broarmy.net/index.php/Thread/32643-BEST-BIKE-GAME-EVER-BikePark/</a><br>^ Comments are here bros!"
1001,sGN2oYYV3xg,Rashidi Pakri,nailed it
1002,sGN2oYYV3xg,PewDiePie,"<a href=""https://broarmy.net/index.php/Thread/32643-BEST-BIKE-GAME-EVER-BikePark/"">https://broarmy.net/index.php/Thread/32643-BEST-BIKE-GAME-EVER-BikePark/</a><br>^ Comments are here bros!"
1003,sGN2oYYV3xg,Rashidi Pakri,nailed it
1004,sGN2oYYV3xg,PewDiePie,"<a href=""https://broarmy.net/index.php/Thread/32643-BEST-BIKE-GAME-EVER-BikePark/"">https://broarmy.net/index.php/Thread/32643-BEST-BIKE-GAME-EVER-BikePark/</a><br>^ Comments are here bros!"
1005,sGN2oYYV3xg,Rashidi Pakri,nailed it
1006,sGN2oYYV3xg,PewDiePie,"<a href=""https://broarmy.net/index.php/Thread/32643-BEST-BIKE-GAME-EVER-BikePark/"">https://broarmy.net/index.php/Thread/32643-BEST-BIKE-GAME-EVER-BikePark/</a><br>^ Comments are here bros!"
1007,sGN2oYYV3xg,Rashidi Pakri,nailed it
1008,sGN2oYYV3xg,PewDiePie,"<a href=""https://broarmy.net/index.php/Thread/32643-BEST-BIKE-GAME-EVER-BikePark/"">https://broarmy.net/index.php/Thread/32643-BEST-BIKE-GAME-EVER-BikePark/</a><br>^ Comments are here bros!"
1009,hZg4-AtRVHQ,Swagymicswagger,"<a href=""https://www.youtube.com/watch?v=hZg4-AtRVHQ&amp;t=0m14s"">0:14</a> LOL"
1010,hZg4-AtRVHQ,ISK2NDER,We love ANIME!!!
1011,hZg4-AtRVHQ,kechupmanofficial,"i dont care if you watch anime, just dont watch caillou"
1012,hZg4-AtRVHQ,Ninjakimm,One of rare underated PewDiePie animations .
1013,hZg4-AtRVHQ,Joshua RomanCe,&quot;Everything by Jae55555&quot; <br><br>He did pretty well acting out the voices
1014,hZg4-AtRVHQ,RAMESH SINGH CHAUTALA,i am a pretty shy guy loll
1015,hZg4-AtRVHQ,Dark Crow,Who else is here is 2020 and is like ?????? ??
1016,hZg4-AtRVHQ,jayden wilsher,Ain&#39;t wincest a supernatural ship lmao?
1017,hZg4-AtRVHQ,toast,<b>sven and deep flashbacks</b>
1018,hZg4-AtRVHQ,Emyly's Corner,I thought he was gonna say NI-
1019,hZg4-AtRVHQ,Inkaloo,"<a href=""https://www.youtube.com/watch?v=hZg4-AtRVHQ&amp;t=0m11s"">0:11</a> <b>Wheeze Cough</b>"
1020,hZg4-AtRVHQ,Rikitiki Baranara,First
1021,hZg4-AtRVHQ,Sebu,Don&#39;t Say It...| In Brains FUC* ALL OF YOU I LOVE ANIME
1022,hZg4-AtRVHQ,??c Hu?nh,We are pewpiepu(bu?) :v
1023,hZg4-AtRVHQ,Dead,Wth?
1024,hZg4-AtRVHQ,yon,"<b><a href=""https://www.youtube.com/watch?v=hZg4-AtRVHQ&amp;t=0m22s"">0:22</a></b><b> wHy tHerE iS jîErgen?</b>"
1025,hZg4-AtRVHQ,Adam,Wtf???????
1026,hZg4-AtRVHQ,no thing,Koniáiva
1027,hZg4-AtRVHQ,Dhfhh Gughj,??????
1028,hZg4-AtRVHQ,Steven Angelo Collini,dead
1029,BhkBifP4aiQ,mia mae,Cant stop watching I LIKE DUCK SALTYYYY
1030,BhkBifP4aiQ,Baka no Krow,Thats cool.
1031,BhkBifP4aiQ,Harold Daniel,Best fanfiction ever 
1032,BhkBifP4aiQ,wildanemone,Am I the only one who found this hilarious and freaky?
1033,BhkBifP4aiQ,Sketchy Qubox,I just love the plot twists XD
1034,BhkBifP4aiQ,Blake Messina,It&#39;s so much better with Cry reading it exactly as it was apparently written. Animation is 100%
1035,BhkBifP4aiQ,Gang_bana,haha So funny Pewds :)
1036,BhkBifP4aiQ,Maisyn,"Had a bad day today, this changed my mood instantly, thank you guys! &lt;3"
1037,BhkBifP4aiQ,MYLEGOSTUFF,Hilarious! I was laughing my ass off! How come you don&#39;t do much videos with Cry much like you used too? I miss you guys doing games together.
1038,BhkBifP4aiQ,Daynger,How is there no comments... I think the world broke
1039,BhkBifP4aiQ,Mushy Moo,"no words, just laughter (hope i spelled that right) 030 fistbump pewds o(o-o)<del>o o</del>(030)o"
1040,BhkBifP4aiQ,mia mae,Cant stop watching I LIKE DUCK SALTYYYY
1041,BhkBifP4aiQ,Baka no Krow,Thats cool.
1042,BhkBifP4aiQ,Harold Daniel,Best fanfiction ever 
1043,BhkBifP4aiQ,wildanemone,Am I the only one who found this hilarious and freaky?
1044,BhkBifP4aiQ,Sketchy Qubox,I just love the plot twists XD
1045,BhkBifP4aiQ,Blake Messina,It&#39;s so much better with Cry reading it exactly as it was apparently written. Animation is 100%
1046,BhkBifP4aiQ,Gang_bana,haha So funny Pewds :)
1047,BhkBifP4aiQ,Maisyn,"Had a bad day today, this changed my mood instantly, thank you guys! &lt;3"
1048,BhkBifP4aiQ,MYLEGOSTUFF,Hilarious! I was laughing my ass off! How come you don&#39;t do much videos with Cry much like you used too? I miss you guys doing games together.
1049,BhkBifP4aiQ,Daynger,How is there no comments... I think the world broke
1050,BhkBifP4aiQ,Mushy Moo,"no words, just laughter (hope i spelled that right) 030 fistbump pewds o(o-o)<del>o o</del>(030)o"
1051,YSAFr7by81U,SleepySabi,Rewatching in 2023 ????
1052,YSAFr7by81U,Laki2Mempuni,i miss it
1053,YSAFr7by81U,M Balazs,"<a href=""https://www.youtube.com/watch?v=YSAFr7by81U&amp;t=21m00s"">21:00</a> the new level of quality gaming"
1054,YSAFr7by81U,Leia,"What happened to part 4?  and there is another 1 episode missing, dont remember the number.  missing episodes messes up the whole experience"
1055,YSAFr7by81U,Maria K,2022 Still love watching your playthroughs bro
1056,YSAFr7by81U,Krisinatorr,The good old days ??
1057,YSAFr7by81U,marlyy k,2022????
1058,YSAFr7by81U,Amy Waters,Wow this gives me stranger thing vibes
1059,YSAFr7by81U,Haley Bennett,This is literally stranger things
1060,YSAFr7by81U,Maximus Brights,"<a href=""https://www.youtube.com/watch?v=YSAFr7by81U&amp;t=12m05s"">12:05</a> ???? edgar being helpful??"
1061,YSAFr7by81U,crystal the temperancexp ?,"<a href=""https://www.youtube.com/watch?v=YSAFr7by81U&amp;t=5m08s"">5:08</a> I forgot about that song ??"
1062,YSAFr7by81U,BENJAMIN V.,2022?
1063,YSAFr7by81U,IGRETRO VODs,"I agree, it?s really stupid she didn?t took the camera guy out"
1064,YSAFr7by81U,IGRETRO VODs,I would take money from atm any day
1065,YSAFr7by81U,IGRETRO VODs,"<a href=""https://www.youtube.com/watch?v=YSAFr7by81U&amp;t=10m15s"">10:15</a> wait, so you see them as a couple? That?s not how I see it, she is more like a child, not a woman in my eyes, at least."
1066,YSAFr7by81U,neo bodan naega deo keo,Camera guy is always safe :)
1067,YSAFr7by81U,Lexi Sauve,Hi
1068,YSAFr7by81U,justin purvis,WHY IS THE LAST VID PRIVATE
1069,YSAFr7by81U,Jack Miles,"She should go to Haddonfield, if she goes to the right house she&#39;ll get a sandwich with the option of mayonnaise and mustard"
1070,YSAFr7by81U,Jack Miles,"Idk what it is but when it comes to these types of games, like this, Heavy Rain and Until Dawn, Pewds seems to be able to make little predictions about the story that turn out right quite a lot"
1071,YSAFr7by81U,SleepySabi,Rewatching in 2023 ????
1072,YSAFr7by81U,Laki2Mempuni,i miss it
1073,YSAFr7by81U,M Balazs,"<a href=""https://www.youtube.com/watch?v=YSAFr7by81U&amp;t=21m00s"">21:00</a> the new level of quality gaming"
1074,YSAFr7by81U,Leia,"What happened to part 4?  and there is another 1 episode missing, dont remember the number.  missing episodes messes up the whole experience"
1075,YSAFr7by81U,Maria K,2022 Still love watching your playthroughs bro
1076,YSAFr7by81U,Krisinatorr,The good old days ??
1077,YSAFr7by81U,marlyy k,2022????
1078,YSAFr7by81U,Amy Waters,Wow this gives me stranger thing vibes
1079,YSAFr7by81U,Haley Bennett,This is literally stranger things
1080,YSAFr7by81U,Maximus Brights,"<a href=""https://www.youtube.com/watch?v=YSAFr7by81U&amp;t=12m05s"">12:05</a> ???? edgar being helpful??"
1081,YSAFr7by81U,crystal the temperancexp ?,"<a href=""https://www.youtube.com/watch?v=YSAFr7by81U&amp;t=5m08s"">5:08</a> I forgot about that song ??"
1082,YSAFr7by81U,BENJAMIN V.,2022?
1083,YSAFr7by81U,IGRETRO VODs,"I agree, it?s really stupid she didn?t took the camera guy out"
1084,YSAFr7by81U,IGRETRO VODs,I would take money from atm any day
1085,YSAFr7by81U,IGRETRO VODs,"<a href=""https://www.youtube.com/watch?v=YSAFr7by81U&amp;t=10m15s"">10:15</a> wait, so you see them as a couple? That?s not how I see it, she is more like a child, not a woman in my eyes, at least."
1086,YSAFr7by81U,neo bodan naega deo keo,Camera guy is always safe :)
1087,YSAFr7by81U,Lexi Sauve,Hi
1088,YSAFr7by81U,justin purvis,WHY IS THE LAST VID PRIVATE
1089,YSAFr7by81U,Jack Miles,"She should go to Haddonfield, if she goes to the right house she&#39;ll get a sandwich with the option of mayonnaise and mustard"
1090,YSAFr7by81U,Jack Miles,"Idk what it is but when it comes to these types of games, like this, Heavy Rain and Until Dawn, Pewds seems to be able to make little predictions about the story that turn out right quite a lot"
1091,YSAFr7by81U,SleepySabi,Rewatching in 2023 ????
1092,YSAFr7by81U,Laki2Mempuni,i miss it
1093,YSAFr7by81U,M Balazs,"<a href=""https://www.youtube.com/watch?v=YSAFr7by81U&amp;t=21m00s"">21:00</a> the new level of quality gaming"
1094,YSAFr7by81U,Leia,"What happened to part 4?  and there is another 1 episode missing, dont remember the number.  missing episodes messes up the whole experience"
1095,YSAFr7by81U,Maria K,2022 Still love watching your playthroughs bro
1096,YSAFr7by81U,Krisinatorr,The good old days ??
1097,YSAFr7by81U,marlyy k,2022????
1098,YSAFr7by81U,Amy Waters,Wow this gives me stranger thing vibes
1099,YSAFr7by81U,Haley Bennett,This is literally stranger things
1100,YSAFr7by81U,Maximus Brights,"<a href=""https://www.youtube.com/watch?v=YSAFr7by81U&amp;t=12m05s"">12:05</a> ???? edgar being helpful??"
1101,YSAFr7by81U,crystal the temperancexp ?,"<a href=""https://www.youtube.com/watch?v=YSAFr7by81U&amp;t=5m08s"">5:08</a> I forgot about that song ??"
1102,YSAFr7by81U,BENJAMIN V.,2022?
1103,YSAFr7by81U,IGRETRO VODs,"I agree, it?s really stupid she didn?t took the camera guy out"
1104,YSAFr7by81U,IGRETRO VODs,I would take money from atm any day
1105,YSAFr7by81U,IGRETRO VODs,"<a href=""https://www.youtube.com/watch?v=YSAFr7by81U&amp;t=10m15s"">10:15</a> wait, so you see them as a couple? That?s not how I see it, she is more like a child, not a woman in my eyes, at least."
1106,YSAFr7by81U,neo bodan naega deo keo,Camera guy is always safe :)
1107,YSAFr7by81U,Lexi Sauve,Hi
1108,YSAFr7by81U,justin purvis,WHY IS THE LAST VID PRIVATE
1109,YSAFr7by81U,Jack Miles,"She should go to Haddonfield, if she goes to the right house she&#39;ll get a sandwich with the option of mayonnaise and mustard"
1110,YSAFr7by81U,Jack Miles,"Idk what it is but when it comes to these types of games, like this, Heavy Rain and Until Dawn, Pewds seems to be able to make little predictions about the story that turn out right quite a lot"
1111,PT5qFiBr7Rk,Cola coco,This is basically The Forest but with Kawaii Sharks instead of naked Villagers
1112,PT5qFiBr7Rk,Burnie Boy,ADHD Shark!!!
1113,PT5qFiBr7Rk,Selena,SHANON!!! Mr CRAB!!<br>I love you so much Pewds you always make my day when I&#39;m down or stressed!! <br>Keep up the amazing and hilarious videos ??????<br>Brofist??<br><br>Selena
1114,PT5qFiBr7Rk,Ivy Hanf,Poods you&#39;re my hero I love you Brofist ??
1115,PT5qFiBr7Rk,mir,shannon is so majestic and amazing
1116,PT5qFiBr7Rk,Natalia K.,"Poods, you are really into that gaming. You&#39;re doing a great job. :)<br>Brofist from DEUTSCHLAND ????"
1117,PT5qFiBr7Rk,bebe east,love the vid poods! as always 
1118,PT5qFiBr7Rk,ClÇment Couadou,"Pewds, do you think Harry is hairy?"
1119,PT5qFiBr7Rk,Cola coco,This is basically The Forest but with Kawaii Sharks instead of naked Villagers
1120,PT5qFiBr7Rk,Burnie Boy,ADHD Shark!!!
1121,PT5qFiBr7Rk,Selena,SHANON!!! Mr CRAB!!<br>I love you so much Pewds you always make my day when I&#39;m down or stressed!! <br>Keep up the amazing and hilarious videos ??????<br>Brofist??<br><br>Selena
1122,PT5qFiBr7Rk,Ivy Hanf,Poods you&#39;re my hero I love you Brofist ??
1123,PT5qFiBr7Rk,mir,shannon is so majestic and amazing
1124,PT5qFiBr7Rk,Natalia K.,"Poods, you are really into that gaming. You&#39;re doing a great job. :)<br>Brofist from DEUTSCHLAND ????"
1125,PT5qFiBr7Rk,bebe east,love the vid poods! as always 
1126,PT5qFiBr7Rk,ClÇment Couadou,"Pewds, do you think Harry is hairy?"
1127,PT5qFiBr7Rk,Cola coco,This is basically The Forest but with Kawaii Sharks instead of naked Villagers
1128,PT5qFiBr7Rk,Burnie Boy,ADHD Shark!!!
1129,PT5qFiBr7Rk,Selena,SHANON!!! Mr CRAB!!<br>I love you so much Pewds you always make my day when I&#39;m down or stressed!! <br>Keep up the amazing and hilarious videos ??????<br>Brofist??<br><br>Selena
1130,PT5qFiBr7Rk,Ivy Hanf,Poods you&#39;re my hero I love you Brofist ??
1131,PT5qFiBr7Rk,mir,shannon is so majestic and amazing
1132,PT5qFiBr7Rk,Natalia K.,"Poods, you are really into that gaming. You&#39;re doing a great job. :)<br>Brofist from DEUTSCHLAND ????"
1133,PT5qFiBr7Rk,bebe east,love the vid poods! as always 
1134,PT5qFiBr7Rk,ClÇment Couadou,"Pewds, do you think Harry is hairy?"
1135,PT5qFiBr7Rk,Cola coco,This is basically The Forest but with Kawaii Sharks instead of naked Villagers
1136,PT5qFiBr7Rk,Burnie Boy,ADHD Shark!!!
1137,PT5qFiBr7Rk,Selena,SHANON!!! Mr CRAB!!<br>I love you so much Pewds you always make my day when I&#39;m down or stressed!! <br>Keep up the amazing and hilarious videos ??????<br>Brofist??<br><br>Selena
1138,PT5qFiBr7Rk,Ivy Hanf,Poods you&#39;re my hero I love you Brofist ??
1139,PT5qFiBr7Rk,mir,shannon is so majestic and amazing
1140,PT5qFiBr7Rk,Natalia K.,"Poods, you are really into that gaming. You&#39;re doing a great job. :)<br>Brofist from DEUTSCHLAND ????"
1141,PT5qFiBr7Rk,bebe east,love the vid poods! as always 
1142,PT5qFiBr7Rk,ClÇment Couadou,"Pewds, do you think Harry is hairy?"
1143,sGN2oYYV3xg,Rashidi Pakri,nailed it
1144,sGN2oYYV3xg,PewDiePie,"<a href=""https://broarmy.net/index.php/Thread/32643-BEST-BIKE-GAME-EVER-BikePark/"">https://broarmy.net/index.php/Thread/32643-BEST-BIKE-GAME-EVER-BikePark/</a><br>^ Comments are here bros!"
1145,sGN2oYYV3xg,Rashidi Pakri,nailed it
1146,sGN2oYYV3xg,PewDiePie,"<a href=""https://broarmy.net/index.php/Thread/32643-BEST-BIKE-GAME-EVER-BikePark/"">https://broarmy.net/index.php/Thread/32643-BEST-BIKE-GAME-EVER-BikePark/</a><br>^ Comments are here bros!"
1147,sGN2oYYV3xg,Rashidi Pakri,nailed it
1148,sGN2oYYV3xg,PewDiePie,"<a href=""https://broarmy.net/index.php/Thread/32643-BEST-BIKE-GAME-EVER-BikePark/"">https://broarmy.net/index.php/Thread/32643-BEST-BIKE-GAME-EVER-BikePark/</a><br>^ Comments are here bros!"
1149,sGN2oYYV3xg,Rashidi Pakri,nailed it
1150,sGN2oYYV3xg,PewDiePie,"<a href=""https://broarmy.net/index.php/Thread/32643-BEST-BIKE-GAME-EVER-BikePark/"">https://broarmy.net/index.php/Thread/32643-BEST-BIKE-GAME-EVER-BikePark/</a><br>^ Comments are here bros!"
1151,sGN2oYYV3xg,Rashidi Pakri,nailed it
1152,sGN2oYYV3xg,PewDiePie,"<a href=""https://broarmy.net/index.php/Thread/32643-BEST-BIKE-GAME-EVER-BikePark/"">https://broarmy.net/index.php/Thread/32643-BEST-BIKE-GAME-EVER-BikePark/</a><br>^ Comments are here bros!"
